종가,오픈,고가,저가
1154.0,1158.0,1160.8,1154.0
1145.0,1154.0,1155.0,1145.0
1142.25,1149.25,1149.25,1141.75
1144.0,1142.5,1147.4,1141.8
1140.5,1144.0,1145.9,1140.15
1132.5,1137.0,1137.0,1130.9
1135.16,1131.11,1136.7,1129.8
1129.57,1133.97,1136.07,1128.57
1132.6,1130.33,1136.3,1127.0
1129.04,1131.71,1134.11,1126.54
1134.7,1126.9,1137.0,1126.8
1134.5,1133.5,1135.8,1130.4
1128.8,1131.0,1133.5,1127.8
1134.6,1130.9,1135.0,1127.4
1133.59,1134.59,1134.91,1129.8
1135.7,1134.1,1138.3,1134.0
1136.5,1130.4,1137.5,1130.3
1138.0,1134.9,1139.2,1134.7
1142.5,1138.1,1143.9,1138.0
1139.0,1143.9,1145.51,1138.9
1135.5,1139.4,1142.4,1134.4
1131.7,1128.9,1133.1,1128.9
1132.8,1133.0,1135.8,1130.9
1126.35,1129.95,1130.95,1125.25
1126.0,1123.1,1126.0,1121.7
1123.0,1125.9,1128.2,1122.3
1124.55,1121.75,1124.91,1121.65
1122.55,1122.55,1123.45,1120.55
1123.5,1121.3,1125.5,1121.3
1117.5,1119.4,1121.4,1117.5
1115.55,1117.65,1117.65,1111.75
1123.9,1114.0,1125.7,1113.9
1111.75,1123.65,1124.25,1111.1
1109.75,1111.15,1111.55,1107.55
1110.5,1108.3,1116.2,1108.3
1118.4,1111.7,1119.1,1111.7
1117.95,1113.95,1118.35,1113.65
1107.75,1112.85,1113.45,1107.15
1108.4,1109.1,1113.0,1107.1
1108.95,1109.65,1112.05,1108.55
1104.45,1107.65,1107.65,1103.15
1110.5,1105.5,1114.63,1103.3
1119.0,1118.9,1123.5,1116.2
1114.95,1116.15,1116.65,1114.05
1108.5,1107.4,1110.4,1107.4
1118.55,1109.05,1120.25,1107.95
1115.5,1112.3,1117.4,1111.4
1115.5,1115.5,1115.5,1115.5
1141.15,1144.25,1144.25,1133.05
1155.45,1155.05,1169.55,1144.95
1132.05,1148.25,1148.25,1127.15
1134.75,1131.65,1137.65,1124.55
1135.05,1136.25,1146.35,1130.45
1130.5,1134.5,1134.5,1127.2
1131.0,1132.9,1138.7,1127.9
1153.25,1145.75,1157.85,1142.75
1146.5,1152.3,1153.75,1145.3
1164.9,1156.4,1168.5,1156.4
1194.25,1175.75,1197.18,1168.51
1194.0,1194.5,1194.5,1194.0
1214.65,1212.9,1221.25,1203.9
1251.5,1221.4,1278.4,1221.4
1253.5,1250.0,1260.7,1235.1
1223.95,1254.2,1254.2,1217.8
1195.0,1209.5,1209.5,1191.4
1202.12,1209.91,1212.36,1194.81
1216.5,1203.5,1216.9,1198.4
1217.0,1216.5,1217.0,1216.5
1199.0,1200.4,1210.47,1197.8
1201.7,1208.0,1210.1,1196.8
1235.61,1222.91,1243.3,1222.91
1233.99,1234.91,1239.91,1227.41
1247.8,1230.4,1251.6,1230.3
1250.9,1253.4,1271.9,1245.3
1246.15,1230.15,1246.35,1230.15
1221.3,1230.0,1236.0,1220.9
1229.5,1217.4,1229.5,1217.3
1211.5,1205.4,1214.1,1205.4
1212.9,1211.5,1218.55,1210.0
1206.66,1211.41,1214.01,1205.01
1177.05,1173.05,1187.05,1170.05
1184.0,1185.8,1189.7,1173.9
1188.0,1190.9,1194.97,1182.9
1189.0,1187.3,1189.7,1183.3
1215.75,1198.65,1219.05,1194.55
1203.85,1195.8,1204.4,1195.8
1217.85,1203.0,1220.8,1200.9
1223.25,1233.95,1243.55,1221.25
1228.0,1226.9,1239.7,1223.9
1229.8,1221.05,1230.15,1216.95
1223.3,1228.2,1231.9,1218.7
1222.5,1227.4,1234.3,1221.4
1221.3,1213.2,1226.8,1213.1
1209.0,1213.9,1215.4,1208.9
1198.0,1200.4,1205.62,1194.4
1204.35,1192.8,1204.6,1192.8
1213.0,1201.5,1215.2,1195.6
1202.55,1192.9,1204.1,1192.9
1202.5,1199.0,1209.42,1199.0
1203.5,1196.9,1205.8,1196.7
1214.95,1215.95,1219.95,1212.95
1207.4,1215.9,1218.9,1205.8
1204.38,1200.88,1206.38,1197.78
1204.0,1205.9,1209.9,1203.95
1198.88,1194.17,1200.78,1193.28
1191.15,1194.05,1197.55,1189.95
1182.95,1192.0,1192.0,1181.2
1186.0,1184.0,1189.6,1182.9
1186.35,1188.8,1191.9,1185.0
1182.75,1187.25,1189.15,1182.45
1173.5,1181.6,1181.6,1172.3
1168.2,1160.9,1173.2,1160.9
1167.5,1168.5,1172.0,1166.4
1167.25,1165.15,1171.65,1165.05
1161.5,1168.4,1170.1,1161.4
1160.5,1157.3,1162.8,1155.9
1168.75,1159.95,1170.65,1159.95
1182.5,1172.4,1184.2,1170.0
1186.5,1191.0,1200.9,1186.5
1183.85,1187.05,1191.75,1181.05
1187.25,1187.25,1200.35,1185.25
1176.2,1182.1,1185.3,1174.9
1174.15,1176.15,1177.95,1170.05
1173.12,1174.76,1177.76,1170.37
1184.16,1177.76,1184.16,1177.76
1182.32,1183.72,1185.82,1178.62
1192.5,1185.4,1194.1,1185.2
1197.12,1193.76,1199.16,1191.87
1191.07,1200.87,1201.16,1188.76
1196.07,1196.97,1198.57,1193.57
1192.5,1186.3,1194.2,1186.3
1199.0,1196.9,1200.1,1194.8
1184.5,1198.5,1199.5,1184.5
1180.0,1185.0,1185.4,1178.8
1174.0,1178.9,1181.6,1174.0
1172.12,1168.87,1174.16,1168.87
1178.0,1172.05,1179.4,1172.05
1172.25,1179.25,1180.65,1172.25
1167.72,1172.97,1174.07,1166.76
1165.82,1166.87,1169.37,1165.37
1160.0,1165.0,1165.0,1158.8
1160.25,1159.15,1164.35,1157.45
1159.3,1158.3,1166.8,1157.8
1162.8,1159.9,1166.9,1159.8
1160.97,1162.76,1168.26,1160.37
1162.5,1160.9,1165.5,1160.8
1160.5,1160.65,1160.65,1160.5
1150.12,1150.96,1150.96,1150.12
1151.37,1151.37,1151.37,1150.87
1155.16,1154.87,1159.47,1152.87
1146.5,1148.4,1151.2,1146.4
1146.0,1146.5,1150.6,1145.85
1139.5,1147.0,1148.4,1139.5
1140.25,1138.35,1142.55,1138.15
1131.0,1139.5,1140.4,1130.7
1122.5,1123.3,1127.4,1121.75
1123.5,1122.6,1137.6,1122.6
1118.37,1122.96,1124.26,1117.87
1116.5,1116.4,1123.4,1115.85
1121.5,1120.8,1124.8,1116.1
1117.65,1110.85,1123.45,1110.75
1131.12,1117.67,1133.17,1117.67
1119.5,1122.4,1122.7,1117.5
1112.5,1113.4,1119.5,1109.4
1111.25,1112.65,1117.75,1109.75
1117.5,1112.4,1122.8,1112.3
1127.55,1114.85,1132.75,1113.75
1122.5,1138.5,1143.4,1122.5
1129.25,1121.85,1130.75,1119.75
1126.3,1130.6,1135.5,1122.35
1115.85,1118.15,1122.95,1113.05
1125.5,1119.9,1125.5,1117.65
1132.5,1124.4,1135.6,1120.4
1123.75,1138.75,1131.15,1122.65
1124.5,1120.5,1127.5,1118.4
1118.59,1121.16,1122.26,1116.06
1111.5,1118.23,1118.6,1110.9
1108.64,1111.86,1112.46,1108.64
1107.51,1108.76,1110.68,1105.78
1108.1,1104.8,1108.8,1104.8
1116.0,1108.1,1116.8,1107.9
1117.0,1118.0,1122.1,1114.4
1110.6,1115.0,1118.7,1109.85
1111.5,1111.3,1111.8,1106.7
1127.45,1110.15,1128.75,1110.15
1135.5,1128.0,1136.15,1125.1
1130.8,1133.8,1135.8,1125.5
1142.5,1132.3,1147.75,1132.3
1130.9,1138.7,1143.7,1130.15
1132.15,1131.0,1135.8,1127.9
1127.0,1132.15,1133.0,1124.65
1164.5,1128.5,1173.4,1128.5
1147.95,1163.0,1169.9,1138.4
1142.15,1147.45,1150.2,1135.3
1155.95,1138.9,1166.1,1137.7
1165.5,1155.45,1165.55,1151.2
1158.0,1165.0,1165.0,1147.7
1150.0,1158.0,1159.4,1146.2
1150.0,1151.0,1155.7,1142.8
1137.75,1144.25,1147.05,1136.05
1138.45,1137.75,1138.45,1131.15
1132.5,1137.7,1138.0,1129.7
1143.0,1132.5,1147.4,1132.5
1139.0,1143.5,1146.0,1136.8
1143.5,1138.5,1145.2,1135.3
1145.9,1144.0,1147.2,1138.9
1139.25,1145.15,1145.15,1137.05
1155.25,1139.25,1158.2,1139.25
1155.25,1155.25,1161.15,1149.05
1156.05,1153.9,1156.1,1148.6
1155.1,1156.05,1172.9,1150.8
1156.15,1155.1,1157.6,1151.15
1154.3,1155.55,1158.3,1150.05
1152.3,1154.3,1156.3,1148.05
1150.95,1152.15,1156.25,1148.7
1149.1,1150.9,1153.6,1148.0
1144.5,1150.4,1150.9,1144.5
1146.5,1143.5,1148.7,1142.2
1130.95,1146.35,1146.35,1128.85
1121.25,1131.35,1132.05,1119.45
1124.65,1120.85,1131.75,1120.85
1125.5,1125.8,1127.2,1120.3
1123.5,1125.5,1129.5,1123.3
1123.2,1122.5,1124.9,1117.7
1122.2,1122.4,1126.7,1118.6
1127.5,1124.2,1134.05,1120.1
1126.0,1127.0,1131.4,1121.8
1111.5,1126.5,1126.5,1114.1
1112.5,1109.5,1114.9,1107.5
1115.05,1112.5,1119.3,1109.4
1115.5,1115.05,1119.0,1110.4
1113.0,1117.0,1121.5,1112.95
1112.6,1111.5,1114.9,1108.2
1124.5,1112.6,1126.6,1112.6
1118.5,1120.3,1125.4,1117.4
1118.5,1118.5,1123.1,1118.3
1121.0,1120.0,1123.6,1118.05
1116.5,1120.5,1121.2,1116.5
1114.45,1115.15,1118.15,1110.85
1115.95,1112.75,1115.95,1110.25
1119.88,1116.22,1125.12,1116.22
1113.95,1119.35,1119.65,1113.95
1113.95,1113.95,1113.95,1113.95
1113.95,1113.95,1113.95,1113.95
1113.95,1113.95,1113.95,1113.95
1103.5,1115.1,1115.1,1103.5
1101.0,1104.0,1107.6,1101.0
1110.65,1099.25,1111.4,1099.25
1119.0,1112.4,1124.9,1109.8
1126.65,1117.25,1131.75,1113.65
1124.0,1121.5,1126.9,1118.4
1123.8,1126.0,1128.4,1120.5
1117.8,1123.75,1127.1,1117.8
1114.85,1114.35,1118.35,1113.55
1112.4,1117.0,1117.0,1114.0
1119.35,1110.25,1120.35,1110.25
1129.8,1122.0,1133.0,1120.9
1130.2,1129.8,1136.9,1122.9
1131.25,1127.95,1136.55,1124.65
1127.0,1131.5,1131.5,1125.5
1125.35,1126.7,1131.5,1124.15
1126.75,1127.4,1127.4,1123.25
1123.5,1126.4,1132.9,1122.25
1115.9,1123.45,1127.2,1115.9
1117.85,1115.25,1117.85,1113.85
1119.35,1120.5,1123.3,1117.8
1115.95,1118.35,1121.1,1115.95
1114.7,1115.45,1118.3,1112.4
1127.45,1114.95,1127.45,1114.8
1126.35,1126.15,1128.35,1122.15
1125.0,1125.25,1136.95,1124.55
1135.05,1124.75,1139.3,1122.3
1137.95,1135.55,1139.95,1130.6
1135.45,1137.95,1145.8,1133.8
1125.45,1133.35,1134.05,1125.45
1121.45,1127.1,1130.6,1120.95
1121.0,1120.95,1124.4,1120.2
1122.9,1121.0,1127.1,1119.3
1118.95,1121.75,1124.15,1118.95
1111.05,1115.25,1117.05,1111.05
1114.1,1112.65,1117.45,1112.45
1111.5,1114.0,1117.3,1110.2
1103.45,1107.0,1110.8,1099.5
1096.5,1103.0,1104.1,1094.7
1087.05,1098.35,1098.45,1085.35
1088.45,1085.5,1089.8,1081.9
1087.5,1087.4,1092.9,1086.5
1085.85,1089.0,1089.0,1084.0
1087.6,1086.0,1091.3,1083.0
1082.5,1088.4,1089.2,1082.3
1088.25,1083.1,1088.25,1082.9
1092.0,1086.9,1095.8,1086.9
1086.55,1093.4,1096.7,1085.8
1086.3,1086.0,1094.2,1085.55
1088.0,1085.9,1091.8,1084.9
1088.5,1086.4,1092.3,1086.3
1085.45,1094.0,1095.2,1084.95
1078.7,1083.9,1086.9,1077.5
1080.95,1077.9,1082.5,1077.9
1081.05,1084.25,1084.25,1080.05
1082.28,1080.53,1083.03,1080.53
1083.0,1080.9,1087.7,1080.9
1077.55,1080.9,1082.5,1077.55
1073.4,1078.0,1078.0,1071.0
1068.5,1071.0,1075.5,1068.5
1065.95,1070.25,1070.25,1064.0
1073.5,1068.4,1073.5,1068.4
1076.75,1074.35,1076.95,1072.25
1081.75,1080.75,1081.75,1079.75
1085.55,1089.75,1090.15,1082.35
1081.5,1079.4,1085.2,1078.4
1080.5,1082.7,1083.2,1080.5
1076.5,1077.4,1077.9,1073.8
1088.5,1082.4,1088.5,1080.8
1086.95,1085.05,1092.35,1083.35
1091.85,1092.05,1095.15,1090.55
1088.5,1094.2,1094.4,1087.0
1088.5,1088.4,1088.7,1085.5
1086.5,1086.4,1087.7,1082.3
1082.8,1083.0,1084.0,1081.1
1097.95,1086.55,1097.95,1086.35
1093.4,1099.1,1099.7,1092.3
1101.5,1092.8,1102.1,1091.3
1089.5,1094.4,1094.9,1088.0
1082.4,1088.1,1088.1,1078.2
1080.15,1079.05,1081.55,1078.05
1078.5,1077.4,1079.7,1075.1
1078.35,1077.6,1079.3,1074.5
1081.25,1082.65,1083.65,1077.85
1077.5,1075.4,1082.3,1075.0
1080.0,1078.3,1080.5,1078.3
1077.4,1081.8,1083.1,1076.4
1084.0,1077.5,1085.1,1077.5
1080.95,1085.6,1085.6,1080.95
1084.5,1082.4,1084.5,1078.1
1086.95,1087.6,1087.7,1085.2
1081.25,1085.6,1086.7,1080.5
1087.65,1081.6,1089.65,1080.7
1091.85,1088.6,1092.1,1087.3
1085.95,1088.95,1089.05,1083.05
1083.4,1081.6,1086.5,1080.5
1075.4,1083.4,1085.1,1075.15
1074.3,1075.6,1077.6,1073.5
1080.5,1076.6,1084.55,1075.2
1078.85,1078.95,1079.55,1076.05
1083.6,1083.6,1089.3,1083.1
1080.75,1081.6,1084.3,1080.7
1073.0,1077.5,1080.5,1073.0
1067.0,1071.1,1073.0,1066.5
1065.25,1067.5,1069.5,1063.6
1063.45,1064.05,1065.25,1062.05
1066.85,1062.5,1067.9,1062.5
1065.95,1068.6,1068.6,1063.6
1064.0,1063.9,1066.1,1063.4
1056.95,1060.15,1060.25,1056.15
1058.0,1058.9,1062.8,1057.5
1065.0,1065.0,1068.7,1063.75
1056.8,1064.5,1066.7,1054.8
1058.0,1055.9,1059.5,1054.2
1058.55,1057.55,1058.75,1056.35
1060.55,1059.6,1063.2,1059.6
1056.85,1060.1,1061.6,1056.85
1054.4,1055.0,1056.5,1054.15
1051.15,1053.6,1056.6,1051.15
1050.88,1050.83,1052.83,1050.33
1054.9,1051.8,1056.9,1051.8
1049.4,1054.6,1056.2,1048.65
1053.95,1050.0,1053.95,1049.5
1053.5,1054.3,1055.1,1051.8
1054.3,1052.2,1054.3,1051.9
1050.0,1052.5,1052.6,1048.65
1053.1,1050.6,1053.1,1050.6
1058.05,1057.5,1061.1,1056.6
1061.7,1057.0,1062.0,1055.2
1067.4,1072.1,1074.4,1066.0
1085.85,1072.6,1085.85,1067.8
1085.7,1089.2,1096.6,1085.45
1083.65,1074.6,1084.5,1073.6
1078.45,1087.65,1090.55,1078.45
1079.05,1072.05,1082.85,1072.05
1068.55,1079.5,1079.5,1068.3
1071.25,1074.6,1074.6,1067.6
1068.8,1071.65,1075.15,1068.8
1083.3,1068.6,1083.3,1068.6
1087.35,1082.35,1087.75,1078.75
1083.55,1084.4,1085.8,1079.25
1078.0,1082.8,1083.4,1075.65
1083.5,1074.3,1084.25,1073.9
1089.5,1082.3,1090.5,1080.3
1080.0,1088.4,1088.4,1080.0
1074.2,1077.4,1079.5,1073.0
1070.85,1073.4,1075.1,1070.4
1065.4,1071.9,1074.2,1063.5
1064.4,1066.9,1067.3,1060.4
1065.6,1062.4,1066.2,1060.5
1069.6,1066.4,1070.55,1066.3
1074.65,1070.9,1077.5,1069.5
1069.65,1072.4,1073.3,1069.5
1076.0,1068.4,1076.55,1068.4
1077.5,1075.4,1078.8,1074.2
1077.25,1077.0,1077.25,1077.0
1077.25,1077.25,1077.25,1077.25
1107.15,1098.4,1110.95,1092.3
1114.0,1103.25,1120.45,1098.55
1112.5,1102.1,1114.0,1099.5
1139.95,1116.3,1141.4,1114.3
1144.5,1144.3,1156.6,1139.4
1149.85,1141.4,1152.9,1141.4
1179.85,1175.05,1180.15,1169.95
1165.5,1180.5,1196.2,1165.4
1182.0,1173.9,1199.1,1168.9
1169.8,1178.4,1187.3,1159.8
1175.1,1169.6,1182.4,1162.6
1174.55,1182.85,1185.85,1170.85
1181.1,1175.1,1181.7,1174.0
1180.5,1180.5,1180.5,1180.5
1198.9,1201.2,1208.4,1188.3
1187.0,1190.4,1195.5,1185.55
1183.95,1182.7,1193.0,1181.3
1171.0,1181.3,1185.2,1171.0
1167.95,1176.4,1177.4,1167.95
1171.5,1160.4,1174.15,1160.4
1165.0,1170.4,1178.0,1165.0
1158.75,1157.9,1163.5,1153.9
1156.1,1159.0,1164.7,1155.6
1148.5,1150.4,1151.3,1138.4
1149.75,1152.15,1153.05,1143.05
1134.0,1146.4,1147.2,1128.4
1147.5,1135.9,1147.85,1133.3
1147.35,1147.05,1153.25,1142.95
1132.55,1146.3,1146.3,1132.55
1131.05,1129.05,1131.9,1123.55
1133.5,1132.4,1135.15,1127.9
1106.6,1133.9,1134.3,1106.6
1103.0,1101.4,1107.7,1101.4
1112.35,1103.0,1112.55,1100.3
1122.3,1112.1,1122.3,1109.95
1122.15,1123.05,1133.2,1118.65
1127.65,1121.4,1134.95,1121.4
1110.75,1114.05,1114.65,1109.95
1116.25,1111.6,1121.0,1111.6
1114.55,1115.75,1123.1,1113.3
1119.1,1114.3,1119.35,1110.05
1132.35,1119.35,1138.1,1119.35
1126.6,1127.1,1131.7,1122.1
1127.3,1127.4,1127.4,1117.8
1129.0,1126.8,1129.0,1124.3
1136.65,1129.5,1138.8,1129.5
1133.65,1136.15,1144.8,1128.4
1139.25,1138.55,1141.35,1131.65
1143.75,1139.25,1144.05,1135.65
1144.65,1144.0,1151.7,1143.4
1160.7,1144.65,1160.7,1144.65
1155.65,1160.2,1160.9,1151.65
1162.5,1158.4,1165.2,1155.9
1153.0,1162.5,1162.5,1151.5
1140.0,1153.0,1156.2,1140.0
1140.55,1140.0,1146.3,1137.3
1127.05,1140.55,1140.55,1122.4
1128.5,1126.4,1131.9,1126.0
1125.0,1128.5,1133.5,1125.0
1129.0,1125.0,1133.3,1125.0
1129.62,1129.12,1131.17,1124.62
1134.05,1129.5,1134.3,1128.9
1146.8,1140.6,1148.5,1137.0
1149.7,1147.1,1149.7,1138.3
1158.0,1150.2,1161.1,1150.2
1159.0,1158.0,1161.4,1155.8
1157.25,1158.75,1163.75,1155.95
1158.65,1155.05,1159.45,1152.95
1176.25,1159.25,1180.55,1158.15
1158.0,1176.5,1176.5,1158.0
1151.3,1157.5,1157.8,1145.3
1154.5,1151.3,1159.1,1151.3
1149.5,1154.5,1154.5,1147.4
1155.0,1149.5,1156.0,1145.2
1156.15,1155.0,1160.4,1151.4
1157.5,1156.15,1159.6,1153.3
1157.0,1157.5,1159.3,1149.3
1159.25,1157.25,1159.4,1155.9
1155.15,1159.0,1159.0,1153.4
1145.7,1155.65,1155.7,1144.7
1148.35,1145.7,1152.0,1144.9
1156.05,1147.85,1156.5,1147.4
1160.5,1155.4,1163.4,1153.9
1158.05,1161.0,1167.2,1158.05
1154.55,1158.05,1159.7,1153.55
1159.55,1154.55,1162.8,1154.55
1152.45,1159.55,1161.8,1152.25
1151.35,1152.45,1154.3,1147.0
1152.0,1150.6,1155.55,1150.6
1143.75,1152.75,1152.75,1143.6
1139.1,1143.75,1146.7,1139.1
1134.4,1139.1,1139.1,1134.4
1133.5,1134.3,1137.6,1133.4
1128.15,1134.0,1134.0,1126.4
1130.05,1128.15,1135.0,1128.15
1127.55,1130.05,1130.05,1125.4
1122.5,1127.05,1127.05,1120.3
1120.75,1125.15,1126.55,1120.75
1128.25,1122.5,1129.95,1120.5
1126.2,1128.5,1130.45,1121.25
1123.6,1125.7,1130.15,1123.6
1117.15,1124.1,1124.1,1116.15
1117.0,1116.9,1122.5,1116.5
1120.5,1114.6,1122.8,1114.6
1117.5,1122.4,1124.1,1117.5
1117.65,1118.0,1119.0,1116.0
1119.05,1117.65,1121.7,1115.5
1123.5,1119.4,1124.4,1117.4
1120.2,1123.5,1127.2,1119.5
1126.3,1120.7,1127.05,1120.7
1125.15,1126.3,1126.3,1120.8
1125.95,1125.15,1135.25,1125.15
1126.88,1126.83,1128.88,1122.53
1121.9,1126.75,1126.75,1120.3
1125.55,1121.9,1128.35,1121.7
1128.7,1125.55,1129.25,1124.6
1127.65,1128.7,1130.7,1126.3
1124.5,1127.65,1127.65,1123.6
1126.15,1124.5,1132.05,1124.5
1125.85,1126.15,1128.8,1124.4
1119.3,1125.85,1126.4,1116.4
1114.9,1119.3,1120.95,1114.9
1115.5,1113.9,1117.0,1112.0
1118.55,1115.25,1120.0,1115.25
1124.5,1118.8,1125.95,1116.1
1122.95,1124.25,1129.15,1122.95
1115.45,1123.45,1125.7,1115.45
1117.0,1114.5,1119.2,1114.5
1123.85,1116.6,1125.45,1116.6
1123.2,1123.85,1127.6,1119.6
1132.95,1123.2,1132.95,1121.1
1124.4,1132.95,1132.95,1122.95
1125.9,1124.1,1126.0,1122.9
1120.05,1126.3,1126.3,1119.85
1127.85,1119.85,1128.65,1119.85
1130.4,1127.85,1130.75,1125.2
1133.3,1130.4,1133.3,1127.3
1135.5,1132.2,1135.8,1131.8
1133.25,1134.3,1142.25,1132.75
1136.55,1135.8,1139.9,1132.45
1137.3,1137.9,1140.1,1134.75
1139.15,1135.9,1140.4,1135.4
1131.9,1137.6,1138.1,1130.3
1125.95,1133.5,1133.5,1125.95
1125.85,1127.3,1127.3,1122.1
1131.15,1125.25,1131.65,1122.4
1130.4,1131.15,1133.15,1127.55
1132.75,1128.95,1133.3,1128.95
1137.5,1135.4,1139.2,1135.4
1139.65,1138.05,1139.75,1134.95
1143.7,1139.9,1147.35,1139.9
1135.05,1142.8,1145.2,1135.05
1134.5,1135.4,1136.8,1131.8
1136.1,1136.45,1139.8,1135.0
1134.55,1137.5,1142.3,1134.55
1140.65,1134.25,1141.4,1133.2
1140.65,1138.95,1142.05,1136.8
1139.35,1138.4,1142.25,1137.35
1141.8,1139.05,1142.82,1137.2
1139.45,1141.2,1142.7,1137.45
1138.05,1137.6,1141.6,1136.1
1133.0,1137.4,1139.45,1132.0
1131.37,1134.1,1136.7,1131.37
1130.15,1131.5,1133.4,1127.71
1127.65,1128.9,1131.8,1127.41
1130.2,1128.0,1130.2,1125.7
1131.25,1131.0,1132.25,1128.37
1135.85,1131.5,1135.85,1130.9
1138.5,1138.4,1140.4,1135.6
1138.25,1138.6,1139.5,1134.3
1144.5,1138.6,1145.3,1137.05
1142.9,1143.7,1146.2,1140.3
1149.2,1143.2,1149.64,1141.7
1153.8,1148.7,1155.3,1147.7
1155.9,1154.2,1156.9,1152.0
1166.32,1156.1,1170.85,1156.1
1165.94,1166.07,1167.86,1161.15
1168.74,1166.19,1175.75,1166.19
1167.28,1166.4,1171.7,1163.3
1166.83,1167.28,1167.28,1161.4
1181.11,1166.83,1181.79,1166.83
1177.22,1181.11,1183.57,1175.9
1185.5,1177.22,1186.65,1176.8
1176.57,1176.35,1176.57,1176.35
1176.15,1176.92,1183.3,1173.17
1180.91,1178.4,1180.91,1176.4
1180.47,1181.01,1185.9,1177.07
1182.5,1180.37,1183.95,1176.4
1179.59,1183.1,1184.3,1179.59
1178.43,1179.59,1181.8,1175.2
1174.5,1176.3,1176.3,1173.22
1164.85,1174.6,1175.1,1163.35
1174.09,1164.75,1176.55,1164.75
1171.5,1164.7,1171.55,1164.7
1169.25,1171.6,1174.3,1167.9
1166.54,1169.05,1170.1,1165.65
1164.37,1166.54,1168.65,1164.14
1164.86,1164.37,1166.3,1161.75
1157.5,1157.4,1160.2,1156.8
1153.35,1157.6,1161.3,1153.3
1152.71,1153.55,1155.1,1150.5
1154.45,1152.81,1154.75,1147.7
1158.94,1154.35,1159.9,1154.35
1162.05,1157.0,1165.18,1156.4
1158.5,1162.25,1163.2,1157.0
1155.69,1158.6,1159.2,1155.57
1158.02,1155.6,1158.98,1153.0
1141.32,1158.6,1158.6,1140.85
1143.89,1141.0,1146.7,1140.4
1133.48,1143.5,1145.35,1133.41
1137.49,1134.15,1138.53,1132.55
1133.8,1138.55,1139.1,1133.4
1140.55,1133.45,1140.62,1133.45
1143.17,1145.3,1145.5,1141.2
1140.15,1143.27,1144.85,1140.15
1141.0,1144.5,1146.35,1140.08
1154.63,1141.1,1157.2,1140.6
1148.06,1154.63,1155.9,1147.5
1146.18,1148.06,1149.7,1145.5
1145.43,1146.18,1146.7,1141.9
1142.5,1145.33,1145.6,1137.6
1138.3,1142.6,1142.6,1137.5
1142.75,1138.45,1143.63,1138.05
1150.38,1142.6,1151.83,1142.6
1149.18,1150.18,1150.3,1146.15
1149.44,1149.38,1153.9,1149.3
1146.57,1149.24,1149.4,1146.15
1138.61,1146.77,1146.77,1138.3
1137.62,1138.41,1138.65,1133.3
1130.67,1137.62,1137.62,1130.0
1127.26,1130.97,1131.4,1125.6
1132.07,1127.05,1132.22,1127.05
1135.0,1132.08,1137.6,1132.08
1128.33,1134.9,1134.9,1124.1
1128.9,1128.13,1129.2,1125.6
1130.42,1129.3,1131.63,1126.4
1127.29,1130.42,1130.42,1124.5
1131.15,1127.13,1131.28,1125.7
1129.13,1131.15,1133.0,1128.83
1130.59,1130.6,1132.3,1128.13
1130.81,1130.59,1130.81,1130.59
1133.59,1130.61,1134.9,1130.61
1135.42,1133.89,1136.08,1131.5
1135.75,1135.47,1136.9,1134.75
1131.19,1135.6,1135.6,1130.3
1135.96,1130.99,1136.3,1130.99
1132.08,1131.95,1133.3,1129.6
1134.75,1132.08,1135.5,1132.0
1135.35,1134.75,1137.6,1134.0
1135.05,1135.34,1138.5,1135.05
1135.35,1135.33,1135.82,1133.6
1134.88,1135.3,1136.1,1133.55
1133.79,1134.78,1137.0,1133.55
1131.98,1133.79,1134.5,1130.1
1133.63,1131.58,1133.7,1130.8
1136.66,1135.8,1136.86,1134.1
1134.15,1136.1,1136.8,1133.9
1130.3,1129.05,1131.75,1129.05
1129.0,1130.3,1130.3,1127.75
1128.34,1128.95,1130.9,1128.1
1127.06,1128.54,1128.54,1125.7
1128.82,1127.14,1129.47,1126.4
1117.05,1128.62,1128.62,1116.6
1116.5,1117.15,1117.15,1113.4
1118.9,1116.6,1119.4,1116.6
1116.14,1118.7,1119.1,1114.87
1118.65,1116.34,1123.9,1115.0
1119.5,1118.56,1121.8,1118.2
1120.72,1119.6,1122.1,1118.5
1118.72,1120.67,1121.4,1118.0
1119.41,1118.53,1122.6,1118.53
1116.63,1119.41,1120.3,1116.45
1113.67,1116.63,1116.63,1110.9
1112.59,1113.47,1114.29,1112.59
1113.48,1112.59,1114.5,1111.4
1113.46,1113.48,1113.48,1113.46
1112.23,1113.46,1114.85,1111.98
1110.42,1112.32,1112.35,1107.6
1111.74,1110.22,1112.99,1109.5
1111.62,1111.74,1112.1,1109.8
1114.42,1111.82,1115.9,1111.82
1113.17,1114.49,1117.55,1112.67
1111.0,1113.07,1113.6,1110.1
1110.5,1111.0,1114.2,1109.98
1106.59,1110.49,1110.49,1106.15
1104.89,1106.5,1106.5,1103.8
1105.05,1104.78,1105.9,1103.96
1105.66,1105.05,1106.7,1102.84
1104.6,1105.76,1106.9,1104.0
1103.45,1100.75,1103.65,1100.75
1104.0,1105.5,1106.3,1102.9
1098.2,1103.1,1103.5,1097.6
1097.58,1096.85,1098.75,1095.15
1098.01,1097.58,1098.16,1094.55
1091.35,1097.66,1097.66,1090.2
1090.32,1091.55,1091.75,1089.57
1090.67,1090.32,1093.04,1090.14
1091.65,1091.65,1093.5,1091.05
1091.0,1090.9,1093.15,1090.9
1090.22,1091.2,1092.3,1090.07
1087.0,1090.32,1091.1,1085.45
1089.37,1088.2,1091.67,1086.8
1088.0,1089.47,1093.05,1087.2
1090.0,1087.75,1090.4,1087.25
1089.84,1090.15,1091.4,1088.9
1086.5,1089.94,1089.94,1085.1
1088.71,1086.4,1089.22,1086.2
1092.5,1088.81,1092.7,1087.3
1086.5,1092.5,1092.5,1086.1
1083.08,1086.5,1086.5,1081.3
1082.5,1083.08,1084.85,1081.9
1085.61,1082.4,1086.2,1080.4
1085.55,1085.76,1087.45,1084.55
1086.02,1084.3,1086.37,1084.2
1086.57,1086.02,1086.82,1083.8
1085.5,1086.57,1088.77,1084.5
1083.3,1085.5,1085.75,1083.3
1082.5,1083.9,1085.1,1082.5
1083.35,1082.2,1084.8,1082.1
1084.01,1083.35,1085.0,1083.35
1082.69,1084.01,1084.6,1081.05
1083.5,1082.69,1084.37,1082.3
1082.06,1083.3,1084.45,1081.5
1077.68,1081.81,1081.81,1077.68
1075.25,1077.83,1078.1,1075.13
1073.6,1074.65,1077.55,1073.5
1074.35,1071.85,1074.75,1071.25
1075.19,1073.35,1075.45,1073.35
1072.5,1074.4,1074.4,1072.5
1073.0,1070.45,1073.55,1070.45
1072.5,1073.25,1073.25,1071.82
1074.6,1072.3,1075.2,1072.1
1075.9,1074.8,1076.65,1074.3
1073.5,1075.9,1076.5,1073.5
1073.5,1073.5,1073.5,1073.5
1073.5,1073.5,1074.85,1073.2
1072.51,1073.5,1074.65,1071.72
1067.64,1072.51,1072.51,1067.24
1063.64,1067.54,1067.54,1063.18
1063.64,1063.64,1063.64,1063.64
1063.5,1066.1,1066.4,1063.3
1063.2,1063.55,1064.85,1061.15
1062.39,1063.2,1065.25,1062.25
1063.21,1062.39,1065.05,1060.45
1064.15,1063.16,1064.35,1062.3
1060.65,1064.3,1064.3,1060.2
1058.57,1060.65,1063.25,1058.42
1056.49,1058.67,1058.67,1054.75
1056.5,1056.54,1056.94,1055.9
1057.57,1056.45,1058.07,1054.75
1058.8,1057.57,1060.5,1056.25
1057.99,1058.53,1059.97,1056.58
1058.35,1058.17,1058.75,1055.25
1064.35,1058.5,1064.55,1057.5
1063.66,1064.7,1068.65,1061.75
1067.19,1062.98,1067.57,1062.97
1069.15,1067.87,1070.85,1066.55
1075.58,1068.55,1075.58,1068.55
1091.92,1076.03,1094.4,1076.03
1084.12,1091.62,1093.6,1082.3
1086.3,1084.17,1087.82,1079.05
1088.26,1086.8,1091.85,1086.8
1095.19,1087.71,1098.55,1086.3
1089.8,1097.45,1097.45,1083.65
1086.87,1090.05,1092.1,1084.0
1089.5,1086.67,1091.9,1083.9
1090.4,1089.25,1091.25,1087.15
1096.0,1090.65,1097.4,1090.2
1096.0,1096.0,1096.0,1096.0
1093.38,1095.75,1098.15,1089.65
1086.67,1084.75,1089.65,1084.75
1085.54,1086.22,1087.0,1083.3
1079.0,1086.14,1086.14,1077.4
1083.71,1078.4,1085.6,1078.4
1080.5,1083.81,1083.81,1079.87
1080.68,1080.7,1080.75,1076.7
1087.25,1080.43,1087.25,1080.43
1085.73,1087.5,1090.5,1084.5
1086.5,1085.53,1089.65,1085.05
1090.27,1086.85,1090.86,1086.85
1084.88,1089.62,1089.62,1083.2
1084.35,1085.13,1085.13,1081.15
1084.65,1084.65,1084.65,1084.65
1091.01,1084.25,1093.85,1084.25
1086.63,1091.01,1091.01,1085.75
1084.76,1086.48,1086.48,1082.1
1087.74,1084.81,1088.25,1084.81
1089.6,1087.94,1092.95,1085.35
1094.45,1089.7,1103.05,1089.7
1095.53,1094.15,1098.25,1093.15
1098.67,1095.53,1099.8,1095.53
1107.78,1098.62,1110.7,1098.62
1110.64,1108.03,1114.15,1106.15
1114.56,1110.64,1117.35,1110.64
1113.33,1114.51,1114.51,1107.3
1116.03,1113.38,1120.35,1113.38
1116.2,1115.6,1118.1,1114.3
1119.35,1115.55,1119.45,1115.45
1111.5,1119.7,1119.7,1110.2
1107.82,1111.45,1113.25,1104.15
1111.9,1107.87,1112.26,1106.0
1113.44,1111.7,1115.4,1108.5
1111.35,1113.44,1115.0,1110.1
1114.72,1111.53,1117.28,1111.53
1118.17,1114.55,1118.79,1110.1
1117.88,1118.49,1123.92,1116.28
1124.93,1117.8,1126.05,1117.8
1137.68,1124.93,1138.43,1123.65
1142.76,1137.68,1142.96,1134.25
1139.5,1142.53,1145.3,1135.3
1135.55,1139.2,1141.4,1135.1
1129.87,1130.55,1132.55,1126.05
1129.5,1129.72,1133.5,1128.3
1119.94,1129.45,1131.5,1118.03
1113.95,1120.04,1124.85,1113.95
1121.03,1113.95,1122.63,1110.45
1119.78,1120.82,1125.7,1118.2
1119.48,1119.93,1123.15,1115.85
1119.86,1119.38,1124.65,1118.75
1119.62,1119.86,1122.95,1116.65
1117.14,1119.62,1121.15,1117.14
1111.8,1117.24,1117.24,1111.38
1111.23,1112.0,1112.75,1107.55
1104.24,1111.03,1111.03,1104.24
1101.61,1103.25,1104.65,1100.55
1101.25,1101.91,1102.89,1100.9
1102.53,1100.6,1102.75,1098.15
1097.5,1102.58,1102.7,1095.82
1094.98,1097.35,1097.35,1092.35
1090.3,1094.93,1096.0,1090.07
1086.5,1090.5,1090.5,1086.4
1091.98,1086.35,1092.48,1082.15
1106.15,1091.78,1107.65,1091.78
1113.27,1106.15,1116.75,1106.15
1110.07,1113.57,1114.25,1106.45
1114.82,1109.82,1115.3,1109.82
1117.74,1114.82,1118.18,1112.5
1118.27,1118.49,1118.49,1117.28
1117.91,1117.55,1120.53,1115.82
1111.5,1118.69,1118.69,1110.8
1114.05,1110.7,1114.27,1110.7
1128.8,1114.3,1129.3,1114.3
1128.22,1129.0,1131.95,1123.45
1122.6,1127.92,1130.1,1120.75
1128.27,1122.45,1128.27,1119.6
1132.45,1128.39,1134.03,1128.39
1129.03,1132.58,1132.58,1126.55
1131.26,1129.33,1131.3,1124.25
1120.09,1131.26,1131.26,1118.11
1123.36,1119.79,1123.54,1119.45
1119.0,1123.42,1125.5,1115.25
1119.1,1118.75,1119.1,1118.55
1117.62,1119.35,1119.35,1107.05
1128.14,1118.12,1128.6,1118.12
1133.01,1127.64,1138.15,1127.64
1128.26,1133.01,1135.35,1127.25
1130.25,1128.76,1137.35,1128.76
1127.7,1129.8,1131.5,1125.3
1127.97,1127.85,1130.25,1126.49
1134.69,1127.77,1135.03,1127.45
1130.95,1134.99,1136.25,1130.6
1146.1,1130.4,1146.65,1130.4
1156.62,1155.12,1160.12,1151.72
1162.01,1156.62,1163.51,1154.43
1153.63,1162.04,1163.85,1153.0
1156.0,1153.68,1157.2,1150.2
1148.14,1155.45,1155.45,1148.14
1142.4,1148.64,1148.64,1141.95
1135.62,1141.9,1145.15,1131.35
1135.0,1135.62,1135.62,1129.55
1141.4,1135.0,1145.12,1135.0
1139.84,1141.4,1142.65,1138.15
1142.35,1140.09,1145.0,1137.6
1148.39,1142.1,1153.0,1142.1
1142.11,1148.87,1148.87,1140.17
1135.38,1142.24,1143.85,1135.25
1124.53,1134.95,1134.95,1122.32
1124.4,1124.56,1125.85,1119.45
1122.07,1124.38,1126.43,1120.72
1114.91,1121.99,1123.15,1114.25
1117.31,1114.97,1122.0,1114.85
1124.85,1117.51,1128.15,1117.51
1120.88,1124.65,1127.55,1120.25
1118.91,1120.88,1120.88,1117.75
1117.38,1115.72,1118.23,1115.53
1116.0,1117.25,1117.25,1112.8
1116.5,1116.05,1119.75,1115.45
1113.21,1116.5,1116.5,1110.05
1112.66,1113.11,1113.11,1108.55
1116.51,1113.06,1116.96,1111.85
1123.7,1116.11,1123.8,1115.75
1123.5,1123.75,1124.13,1118.9
1124.3,1123.2,1127.7,1122.85
1114.12,1124.47,1124.47,1113.03
1114.16,1113.85,1116.15,1111.85
1115.37,1114.26,1120.25,1113.35
1112.7,1115.37,1115.95,1112.15
1111.5,1112.75,1113.8,1107.3
1114.22,1111.45,1114.87,1110.75
1118.82,1114.72,1119.17,1114.72
1118.5,1118.37,1121.5,1118.37
1118.5,1118.5,1118.53,1118.03
1113.49,1118.45,1118.45,1112.55
1118.63,1113.79,1118.63,1111.65
1120.8,1118.18,1124.1,1117.7
1118.91,1121.45,1121.45,1116.65
1121.37,1118.41,1127.0,1118.41
1113.93,1121.0,1121.15,1113.93
1113.0,1113.4,1114.2,1112.28
1117.53,1113.25,1117.86,1113.25
1114.85,1117.38,1120.3,1114.85
1112.79,1113.5,1114.4,1109.0
1110.02,1112.79,1112.79,1108.7
1098.77,1110.02,1110.02,1098.54
1098.7,1099.12,1099.2,1094.55
1094.37,1098.35,1103.0,1094.2
1097.69,1094.12,1099.75,1089.45
1092.5,1097.94,1099.1,1092.5
1087.0,1092.1,1092.1,1086.6
1086.37,1087.75,1089.15,1082.25
1086.21,1085.87,1090.05,1083.75
1083.22,1086.21,1086.21,1081.75
1086.33,1083.22,1088.55,1082.75
1081.79,1086.33,1086.33,1081.25
1082.6,1081.79,1086.95,1081.79
1081.85,1082.6,1082.85,1081.85
1071.48,1070.4,1071.48,1070.4
1076.47,1076.85,1077.85,1076.47
1074.35,1076.47,1078.45,1073.65
1074.8,1074.35,1076.85,1072.21
1076.87,1074.8,1079.45,1074.8
1075.65,1076.87,1076.87,1072.75
1074.83,1075.65,1078.75,1072.65
1074.53,1075.33,1078.75,1074.23
1073.5,1074.08,1076.5,1072.9
1074.47,1073.39,1076.65,1072.75
1072.0,1075.02,1075.02,1072.0
1071.5,1071.5,1074.3,1070.09
1071.5,1071.5,1072.3,1068.7
1075.1,1071.95,1076.55,1071.15
1075.93,1074.6,1076.18,1074.6
1071.64,1075.93,1077.25,1071.64
1071.4,1071.64,1072.55,1069.05
1071.7,1071.5,1073.95,1070.95
1064.78,1071.6,1071.8,1064.15
1067.22,1065.28,1069.65,1065.28
1062.83,1066.72,1067.25,1062.4
1060.5,1062.88,1062.9,1060.5
1062.25,1060.95,1063.85,1060.35
1057.9,1062.25,1064.85,1057.9
1058.4,1058.04,1059.07,1055.75
1062.83,1058.26,1062.83,1055.05
1062.5,1062.38,1064.15,1060.88
1061.7,1062.85,1063.85,1061.05
1062.63,1061.3,1062.88,1060.35
1059.42,1063.03,1063.5,1059.04
1061.28,1059.02,1061.6,1059.02
1061.36,1061.28,1064.75,1060.75
1062.63,1061.16,1063.5,1061.16
1061.48,1062.83,1063.35,1060.4
1060.22,1061.48,1063.95,1060.22
1063.42,1060.72,1063.85,1060.25
1062.57,1062.92,1065.55,1062.55
1072.5,1062.62,1072.9,1062.62
1073.25,1072.6,1074.09,1069.4
1071.01,1073.1,1074.55,1070.89
1068.66,1071.01,1071.01,1066.35
1062.8,1068.66,1069.05,1062.8
1055.29,1062.8,1062.8,1055.04
1055.31,1055.29,1058.05,1054.9
1056.83,1055.41,1058.65,1054.95
1062.12,1056.9,1064.42,1056.9
1061.44,1061.95,1063.25,1060.2
1060.12,1060.78,1063.18,1058.68
1060.52,1059.8,1062.05,1058.95
1061.05,1060.05,1061.85,1059.65
1061.4,1063.65,1065.25,1060.75
1058.21,1060.65,1060.95,1058.21
1058.5,1058.26,1059.1,1056.8
1061.22,1058.88,1063.88,1058.88
1061.75,1061.35,1063.1,1060.8
1058.72,1061.2,1062.05,1058.72
1057.0,1059.27,1059.9,1056.87
1052.95,1052.65,1054.55,1052.05
1052.0,1052.9,1054.2,1051.8
1052.12,1051.53,1053.72,1051.03
1051.5,1054.35,1056.05,1051.37
1053.35,1052.35,1054.25,1052.35
1053.0,1054.9,1055.1,1051.9
1050.9,1052.05,1052.35,1050.65
1052.25,1052.8,1053.3,1051.4
1059.73,1054.45,1062.65,1053.25
1061.8,1061.45,1064.25,1060.05
1060.5,1061.9,1062.7,1059.9
1060.2,1061.35,1061.95,1059.75
1060.2,1060.2,1060.2,1060.2
1059.25,1059.75,1060.55,1057.55
1054.67,1057.85,1059.05,1053.75
1055.72,1054.28,1057.07,1053.78
1050.5,1048.27,1050.5,1046.52
1050.5,1050.5,1050.5,1050.5
1050.55,1051.15,1052.45,1048.45
1055.5,1052.4,1057.4,1051.9
1065.46,1055.85,1068.05,1055.05
1069.5,1065.7,1071.8,1063.9
1065.7,1068.65,1070.35,1063.95
1063.0,1069.4,1070.2,1061.8
1061.77,1063.35,1065.55,1060.85
1057.0,1056.4,1058.2,1055.9
1059.4,1057.1,1060.0,1056.8
1063.6,1062.9,1064.6,1061.3
1063.5,1065.2,1065.9,1063.0
1061.8,1061.9,1063.0,1060.3
1063.77,1062.05,1065.65,1062.05
1065.3,1063.65,1065.55,1062.85
1067.55,1069.25,1070.25,1066.65
1073.55,1067.75,1074.55,1067.75
1080.35,1075.15,1080.55,1073.85
1083.8,1085.0,1087.5,1081.5
1079.59,1079.35,1081.45,1077.75
1070.05,1073.05,1074.05,1068.05
1080.5,1081.11,1081.11,1080.36
1081.31,1081.06,1081.31,1081.06
1084.75,1080.4,1085.6,1078.4
1084.0,1087.4,1090.1,1081.8
1078.0,1076.4,1083.0,1075.4
1079.05,1076.15,1079.55,1073.65
1075.0,1075.4,1077.4,1073.8
1072.8,1074.4,1074.8,1070.3
1070.9,1073.0,1073.5,1070.4
1062.59,1065.25,1068.05,1061.95
1066.25,1061.4,1066.9,1061.1
1063.5,1062.5,1064.1,1060.4
1060.45,1058.15,1062.25,1058.15
1065.5,1059.6,1066.7,1059.6
1065.7,1064.35,1069.55,1064.35
1072.2,1065.7,1073.8,1065.7
1073.0,1073.9,1076.7,1072.0
1074.5,1075.4,1078.8,1074.4
1074.0,1069.9,1074.0,1069.4
1065.97,1073.45,1074.75,1064.35
1069.8,1069.85,1072.35,1066.05
1066.46,1064.65,1068.95,1063.75
1070.18,1072.68,1075.38,1068.97
1071.45,1071.15,1073.55,1069.95
1071.3,1068.15,1072.65,1067.75
1064.55,1071.25,1073.25,1064.05
1065.15,1063.35,1065.3,1060.85
1067.3,1064.6,1067.6,1064.5
1065.58,1066.95,1067.15,1063.25
1070.65,1069.75,1070.95,1067.45
1070.0,1067.5,1070.5,1067.0
1071.23,1068.4,1073.7,1068.4
1067.75,1072.25,1074.05,1067.75
1069.5,1067.5,1070.2,1066.1
1070.68,1069.3,1072.7,1068.3
1077.23,1076.55,1077.85,1074.45
1080.0,1078.1,1083.2,1077.9
1077.8,1079.1,1082.1,1077.6
1079.5,1077.3,1080.7,1076.3
1075.1,1075.3,1076.8,1073.9
1071.9,1074.75,1076.15,1070.85
1070.0,1067.9,1070.9,1067.9
1064.9,1066.35,1067.55,1064.15
1058.5,1061.8,1062.8,1058.5
1057.65,1056.85,1058.25,1055.75
1058.0,1057.9,1059.8,1057.4
1054.3,1057.75,1058.65,1053.45
1055.57,1051.3,1056.3,1051.3
1052.35,1055.15,1055.25,1052.15
1041.5,1046.55,1046.65,1040.15
1040.15,1036.35,1041.05,1031.45
1035.65,1039.65,1042.95,1033.55
1039.69,1039.3,1040.7,1037.4
1041.3,1039.8,1044.2,1039.8
1038.6,1041.2,1044.9,1037.4
1038.5,1035.4,1039.8,1034.5
1038.0,1039.05,1039.55,1036.35
1039.01,1037.85,1039.55,1037.05
1037.9,1038.95,1042.25,1037.35
1039.6,1038.65,1041.35,1038.15
1039.75,1039.15,1039.75,1036.55
1041.2,1037.75,1041.55,1037.05
1035.15,1038.85,1040.15,1035.05
1030.28,1032.35,1033.55,1030.28
1033.5,1031.15,1034.35,1030.65
1033.5,1033.5,1033.5,1033.5
1030.12,1031.22,1033.12,1030.12
1030.12,1030.12,1030.12,1030.12
1030.12,1030.12,1030.12,1030.12
1022.55,1026.05,1027.35,1022.55
1022.7,1023.2,1025.2,1022.1
1024.2,1022.45,1024.95,1020.85
1024.58,1026.3,1026.3,1023.9
1022.5,1023.3,1024.1,1021.9
1027.9,1022.2,1028.6,1021.5
1025.05,1027.15,1028.45,1025.05
1023.82,1027.3,1027.7,1023.82
1022.5,1023.9,1025.0,1022.4
1025.5,1021.9,1028.2,1021.8
1027.1,1024.9,1028.7,1024.6
1024.75,1026.95,1026.95,1024.55
1024.85,1024.2,1025.7,1023.4
1024.3,1024.55,1025.05,1023.95
1024.0,1024.3,1025.0,1023.6
1022.25,1024.25,1024.55,1021.45
1020.9,1021.4,1023.1,1020.4
1020.8,1019.2,1022.0,1018.4
1024.5,1021.2,1025.5,1021.0
1023.5,1024.8,1026.2,1023.3
1023.5,1023.5,1023.5,1023.5
1020.5,1025.3,1026.0,1020.2
1019.95,1019.95,1019.95,1019.95
1016.75,1019.8,1020.1,1016.0
1017.2,1016.15,1018.05,1015.55
1015.8,1016.1,1017.3,1015.6
1017.7,1017.0,1018.7,1015.9
1018.05,1017.35,1018.95,1017.3
1020.5,1018.5,1020.7,1018.5
1022.0,1021.15,1023.15,1020.65
1023.12,1023.58,1024.38,1022.73
1018.92,1017.3,1019.4,1017.3
1021.21,1019.2,1021.35,1018.8
1019.0,1019.9,1020.5,1018.2
1019.0,1018.9,1019.8,1018.1
1019.95,1018.8,1021.7,1018.8
1016.7,1018.1,1018.4,1016.3
1014.12,1016.48,1016.77,1013.88
1012.0,1013.4,1014.1,1011.1
1010.88,1012.02,1013.02,1010.88
1009.6,1010.75,1011.2,1009.3
1009.25,1009.3,1011.0,1008.4
1009.45,1009.15,1010.25,1008.85
1011.5,1008.4,1011.85,1008.4
1011.9,1011.5,1012.4,1011.0
1012.25,1012.35,1013.05,1011.85
1013.5,1009.4,1013.9,1009.4
1019.05,1015.75,1021.05,1015.25
1019.35,1019.7,1020.6,1017.8
1027.0,1018.85,1028.65,1018.85
1032.15,1027.65,1036.15,1027.65
1029.2,1028.55,1033.65,1025.75
1029.5,1034.2,1035.2,1028.3
1027.05,1029.0,1029.5,1026.2
1024.6,1025.3,1026.6,1023.7
1024.2,1023.6,1024.4,1022.3
1029.45,1024.2,1030.4,1024.2
1026.05,1030.95,1032.65,1026.05
1026.25,1026.9,1027.6,1023.8
1025.05,1025.3,1026.1,1023.6
1024.75,1027.25,1027.55,1022.25
1028.0,1026.65,1028.0,1024.55
1037.75,1033.3,1038.25,1030.9
1033.35,1031.7,1034.5,1029.4
1028.2,1030.7,1033.1,1028.2
1034.0,1034.55,1035.55,1032.75
1037.0,1033.05,1037.85,1031.05
1036.55,1036.55,1041.25,1034.05
1030.4,1030.8,1033.2,1028.6
1027.15,1029.65,1030.25,1026.05
1030.25,1027.25,1030.3,1026.85
1021.2,1029.65,1031.45,1020.65
1021.2,1021.2,1021.2,1021.2
1017.6,1018.15,1019.95,1015.55
1017.95,1016.65,1019.35,1016.55
1022.85,1019.65,1022.85,1018.95
1023.65,1023.15,1024.85,1022.45
1018.0,1021.2,1022.3,1017.2
1020.05,1019.2,1023.2,1019.2
1016.65,1018.1,1019.9,1016.4
1014.35,1015.3,1016.0,1013.8
1015.1,1013.75,1015.1,1012.95
1014.1,1015.15,1016.85,1013.05
1013.05,1013.55,1015.95,1013.05
1018.6,1013.1,1018.9,1012.3
1019.95,1018.6,1022.2,1016.3
1019.1,1018.3,1019.3,1017.3
1024.65,1023.3,1027.5,1022.8
1024.25,1024.25,1027.35,1024.25
1034.72,1034.62,1034.72,1034.22
1034.4,1034.5,1034.75,1034.0
1035.97,1032.14,1036.59,1031.84
1035.3,1036.2,1041.2,1034.8
1038.5,1038.7,1041.6,1036.7
1036.2,1038.05,1038.05,1032.15
1034.9,1032.1,1035.5,1032.1
1043.95,1043.45,1043.95,1040.05
1044.2,1044.05,1048.45,1042.15
1041.0,1041.8,1043.6,1039.1
1040.15,1043.15,1045.15,1038.15
1040.02,1040.45,1041.75,1038.25
1043.65,1040.45,1044.65,1040.45
1044.35,1043.35,1044.65,1041.15
1053.4,1048.15,1054.45,1048.05
1054.95,1055.9,1057.4,1051.8
1062.95,1057.05,1064.65,1057.05
1061.35,1061.05,1064.05,1057.35
1061.35,1061.35,1061.35,1061.35
1068.9,1074.95,1074.95,1067.85
1069.65,1063.95,1070.55,1062.75
1075.4,1067.0,1077.05,1067.0
1063.6,1075.4,1075.65,1063.32
1074.1,1063.6,1076.07,1063.6
1067.1,1074.1,1074.9,1066.15
1065.78,1066.74,1068.82,1062.1
1060.97,1065.58,1069.9,1058.13
1061.07,1060.15,1067.81,1057.35
1063.37,1061.02,1067.5,1061.0
1056.2,1063.67,1064.5,1056.2
1055.3,1056.25,1057.4,1052.9
1053.74,1055.3,1056.4,1050.92
1060.5,1053.73,1060.9,1052.75
1057.5,1060.5,1062.8,1055.58
1051.03,1056.7,1057.55,1050.61
1048.03,1051.75,1052.58,1047.5
1054.19,1047.87,1055.48,1044.7
1054.67,1053.68,1059.84,1053.25
1073.6,1054.66,1075.1,1053.7
1083.15,1082.79,1083.81,1072.15
1078.09,1083.18,1083.84,1076.41
1090.54,1079.2,1093.68,1078.9
1091.0,1089.02,1091.94,1084.02
1086.84,1090.52,1095.52,1085.52
1090.29,1090.08,1090.58,1083.83
1094.72,1090.07,1099.37,1087.42
1095.66,1094.78,1103.5,1091.92
1096.68,1095.55,1100.3,1092.26
1100.84,1096.32,1105.71,1095.93
1100.93,1100.17,1104.87,1092.67
1100.85,1101.08,1102.5,1095.85
1113.8,1100.7,1114.25,1099.62
1111.91,1113.8,1118.15,1110.4
1111.25,1111.73,1116.4,1107.0
1114.02,1111.19,1118.15,1109.4
1110.22,1113.97,1117.1,1109.0
1103.74,1110.16,1110.6,1103.59
1100.32,1103.77,1104.6,1096.96
1113.17,1100.09,1113.27,1099.68
1110.09,1113.02,1120.63,1106.04
1115.32,1109.9,1116.48,1104.5
1116.11,1115.32,1118.8,1111.2
1112.36,1116.08,1118.8,1110.94
1121.6,1112.11,1122.11,1110.52
1112.06,1122.15,1122.5,1110.82
1104.93,1112.06,1115.7,1102.15
1101.62,1104.93,1109.4,1100.0
1102.85,1101.62,1104.11,1096.3
1104.35,1102.55,1107.0,1100.66
1097.77,1103.8,1106.4,1097.7
1081.01,1097.77,1099.8,1079.2
1097.16,1081.01,1099.5,1080.91
1099.74,1097.83,1106.6,1095.63
1100.11,1099.74,1104.3,1097.26
1100.12,1100.01,1100.9,1094.46
1106.57,1100.12,1107.77,1097.46
1104.35,1106.57,1107.44,1101.53
1101.85,1104.35,1104.61,1101.61
1099.8,1101.75,1102.9,1097.9
1100.3,1098.6,1100.88,1097.3
1096.92,1100.3,1101.11,1094.89
1093.9,1096.92,1096.96,1087.67
1092.45,1093.9,1094.28,1092.45
1106.92,1092.73,1107.27,1092.03
1109.93,1106.9,1112.6,1105.16
1099.0,1109.93,1110.2,1096.75
1098.74,1099.0,1103.95,1095.1
1095.51,1098.74,1102.0,1094.89
1085.82,1095.51,1097.1,1085.32
1082.72,1085.11,1088.1,1080.9
1078.78,1082.72,1086.6,1077.42
1082.85,1078.78,1086.32,1076.76
1075.69,1082.85,1087.7,1074.38
1079.07,1075.87,1081.6,1073.81
1079.4,1079.3,1084.8,1076.84
1088.02,1079.4,1089.81,1079.15
1082.3,1088.02,1092.1,1081.0
1085.24,1082.3,1089.4,1081.91
1077.51,1085.24,1088.1,1076.08
1080.7,1078.28,1084.08,1077.45
1078.01,1080.7,1085.3,1075.5
1085.87,1078.01,1088.7,1077.6
1099.96,1085.87,1100.77,1085.4
1102.4,1099.96,1106.3,1092.67
1099.45,1101.9,1104.8,1097.61
1093.04,1099.45,1101.85,1091.96
1088.09,1093.04,1093.9,1084.11
1086.54,1088.09,1093.3,1085.65
1098.01,1086.54,1098.64,1085.31
1095.23,1097.75,1100.4,1094.81
1099.3,1095.23,1100.76,1088.54
1108.25,1099.3,1110.15,1096.21
1101.56,1108.25,1112.32,1101.47
1097.88,1101.22,1102.21,1095.46
1101.77,1097.67,1104.2,1094.06
1108.87,1101.77,1109.2,1097.9
1108.62,1108.87,1114.97,1107.93
1111.82,1108.62,1113.7,1108.27
1110.56,1111.75,1112.84,1109.7
1108.4,1108.95,1112.3,1107.65
1105.83,1108.4,1116.48,1105.37
1100.71,1105.83,1106.7,1097.49
1102.65,1100.71,1103.19,1093.87
1101.28,1102.4,1102.86,1097.51
1103.05,1102.05,1106.7,1100.1
1096.83,1103.05,1105.1,1095.35
1101.52,1096.83,1102.6,1094.87
1102.35,1101.52,1103.35,1099.63
1110.81,1101.95,1112.84,1097.33
1115.0,1111.41,1117.09,1108.4
1127.41,1115.05,1127.41,1115.0
1132.08,1127.5,1133.27,1123.9
1125.64,1132.08,1136.8,1119.25
1138.12,1125.97,1139.01,1121.38
1131.91,1138.35,1139.11,1128.83
1129.3,1131.71,1133.5,1125.53
1111.66,1129.15,1130.95,1111.32
1122.03,1111.83,1124.36,1110.59
1113.51,1122.07,1128.15,1111.61
1106.73,1113.5,1120.0,1105.46
1103.69,1106.62,1109.6,1100.73
1101.9,1103.69,1106.78,1099.35
1105.07,1101.9,1109.2,1100.35
1103.73,1105.05,1107.55,1102.75
1107.49,1104.25,1108.38,1103.05
1108.99,1106.31,1113.4,1105.88
1098.3,1108.99,1109.5,1096.77
1091.29,1098.3,1101.6,1089.36
1086.48,1091.23,1097.8,1084.1
1086.13,1085.89,1089.9,1083.7
1095.57,1085.82,1095.91,1085.6
1092.93,1095.57,1096.9,1089.18
1096.74,1092.98,1097.15,1089.95
1093.96,1096.74,1098.0,1092.64
1101.64,1094.26,1103.89,1092.9
1092.06,1101.61,1102.78,1091.14
1092.34,1092.06,1099.5,1091.57
1084.45,1092.39,1096.28,1081.72
1083.79,1084.57,1087.7,1078.84
1083.25,1083.11,1085.4,1077.67
1083.02,1083.26,1086.5,1081.5
1084.07,1083.33,1085.8,1076.0
1080.97,1084.0,1085.8,1079.62
1076.39,1080.97,1082.35,1075.1
1069.01,1077.6,1077.86,1068.36
1064.38,1069.01,1072.8,1063.7
1070.32,1064.37,1073.57,1064.01
1077.34,1069.94,1078.85,1067.8
1081.35,1077.07,1083.03,1075.71
1081.83,1081.25,1083.4,1079.19
1081.34,1081.67,1084.63,1080.57
1080.35,1081.4,1083.6,1077.8
1094.01,1080.2,1097.2,1078.68
1087.99,1094.11,1095.0,1087.01
1097.14,1088.4,1097.9,1084.8
1093.24,1097.14,1098.8,1092.22
1092.97,1093.22,1101.2,1089.88
1088.61,1092.97,1098.3,1088.4
1083.72,1089.16,1095.8,1083.46
1090.45,1084.1,1091.35,1083.6
1095.37,1090.45,1096.15,1088.15
1096.28,1095.39,1099.15,1093.67
1093.32,1096.16,1097.92,1092.48
1096.68,1093.32,1096.75,1088.9
1096.96,1097.55,1098.31,1096.39
1107.92,1097.02,1108.35,1096.69
1109.43,1107.75,1112.21,1104.19
1108.68,1109.43,1111.62,1104.49
1113.01,1108.68,1115.64,1106.89
1116.2,1113.35,1117.31,1109.4
1107.58,1116.15,1117.8,1106.87
1107.51,1107.6,1110.8,1103.9
1113.65,1107.43,1114.7,1106.82
1124.54,1113.7,1124.8,1110.75
1118.87,1124.95,1126.95,1118.12
1121.45,1118.87,1123.25,1117.75
1110.86,1121.45,1123.2,1108.0
1113.44,1110.72,1116.19,1105.9
1112.17,1113.4,1118.32,1109.19
1116.62,1112.35,1119.6,1111.89
1118.74,1116.62,1120.74,1115.77
1115.15,1118.67,1124.69,1112.27
1105.58,1113.78,1114.9,1101.33
1103.2,1105.94,1108.8,1100.6
1101.38,1102.85,1104.8,1098.2
1106.73,1101.46,1109.23,1100.67
1110.18,1106.09,1112.63,1104.9
1111.98,1109.56,1113.33,1108.12
1122.95,1111.99,1126.47,1110.84
1120.16,1122.94,1128.6,1118.4
1120.03,1120.07,1121.8,1115.2
1125.21,1119.41,1126.97,1115.77
1123.5,1125.19,1127.03,1119.08
1122.6,1123.5,1125.53,1117.55
1126.09,1122.16,1129.5,1122.14
1134.8,1126.43,1137.85,1125.79
1135.53,1134.78,1140.0,1132.19
1132.22,1136.37,1140.8,1129.75
1131.2,1132.23,1134.1,1126.46
1136.59,1131.84,1137.27,1128.25
1143.21,1136.61,1145.05,1135.66
1147.51,1142.86,1149.25,1139.53
1146.79,1147.47,1151.3,1143.02
1150.18,1146.81,1151.33,1145.5
1156.7,1150.25,1159.13,1149.88
1148.84,1156.71,1160.7,1148.04
1157.04,1148.86,1158.7,1148.59
1162.13,1156.87,1167.1,1156.58
1170.35,1162.13,1175.15,1159.95
1167.56,1170.75,1174.6,1164.6
1160.46,1167.4,1171.42,1159.75
1162.04,1160.56,1162.35,1155.63
1173.17,1162.03,1175.5,1161.7
1166.67,1172.98,1174.55,1157.29
1171.04,1167.15,1171.9,1162.71
1169.37,1170.98,1172.8,1160.06
1173.91,1169.13,1177.07,1167.96
1163.68,1173.74,1174.45,1162.84
1164.7,1163.86,1172.24,1161.2
1159.2,1164.75,1169.8,1158.76
1179.23,1159.21,1184.05,1156.49
1173.58,1179.11,1196.4,1171.89
1178.51,1173.79,1183.0,1170.2
1179.33,1178.82,1183.85,1176.33
1183.36,1179.55,1186.5,1178.47
1186.07,1183.32,1187.85,1181.14
1184.16,1185.75,1189.0,1181.83
1184.93,1184.16,1192.95,1179.75
1195.85,1184.94,1196.41,1184.34
1190.94,1195.51,1208.37,1186.87
1190.95,1190.95,1198.8,1175.25
1183.2,1190.94,1195.0,1182.74
1174.13,1183.08,1189.1,1171.28
1179.87,1174.33,1185.05,1172.35
1182.82,1180.75,1185.8,1179.4
1180.05,1183.1,1183.9,1170.4
1184.08,1180.48,1185.6,1175.73
1191.04,1183.95,1193.75,1182.82
1201.33,1190.57,1201.76,1187.25
1203.4,1201.42,1208.0,1197.88
1194.96,1203.73,1209.6,1192.74
1191.51,1194.93,1196.3,1185.84
1182.93,1190.88,1199.7,1181.54
1182.69,1182.93,1186.8,1181.85
1182.83,1182.4,1184.8,1177.61
1179.13,1182.83,1187.7,1177.79
1170.22,1179.1,1182.4,1170.04
1166.89,1170.12,1173.5,1158.43
1173.04,1166.34,1173.59,1160.76
1178.45,1173.58,1181.29,1170.9
1185.56,1178.45,1188.71,1174.8
1194.94,1185.56,1196.05,1183.52
1191.14,1195.02,1200.9,1188.99
1193.07,1191.55,1199.6,1188.94
1196.04,1193.45,1197.05,1192.5
1196.02,1195.69,1199.67,1193.96
1185.29,1195.4,1197.45,1180.7
1178.71,1185.28,1185.9,1174.97
1173.1,1178.89,1185.7,1172.58
1161.01,1172.85,1175.6,1159.2
1161.58,1161.23,1170.05,1160.69
1158.81,1161.57,1168.9,1151.51
1152.98,1159.68,1163.5,1152.05
1148.05,1152.85,1153.31,1140.07
1144.16,1147.9,1150.8,1140.34
1150.29,1144.16,1152.85,1143.77
1137.01,1150.29,1155.6,1135.54
1123.04,1137.01,1140.0,1121.24
1131.44,1123.13,1133.53,1122.68
1132.06,1131.72,1133.6,1119.58
1131.49,1132.06,1135.9,1126.85
1140.07,1131.48,1141.97,1128.6
1130.36,1140.03,1142.12,1129.64
1136.01,1130.35,1137.96,1123.15
1129.63,1136.75,1139.2,1128.43
1136.14,1129.63,1137.45,1129.1
1145.6,1135.75,1149.4,1128.18
1142.19,1146.18,1148.39,1140.6
1141.16,1142.17,1142.85,1136.1
1138.38,1140.66,1144.2,1136.65
1129.91,1138.38,1138.88,1128.85
1135.25,1129.91,1139.04,1127.9
1137.91,1135.21,1143.14,1134.89
1152.78,1137.96,1155.84,1136.55
1158.79,1153.6,1162.7,1152.1
1158.93,1158.78,1162.74,1156.15
1155.23,1158.9,1159.19,1153.3
1159.28,1155.28,1163.04,1151.42
1170.34,1158.88,1171.64,1157.57
1169.64,1170.25,1175.66,1169.64
1169.77,1169.63,1173.25,1167.43
1166.3,1169.52,1175.75,1166.18
1155.66,1166.39,1168.3,1155.5
1154.62,1155.86,1160.62,1150.8
1158.86,1154.61,1161.98,1154.39
1146.72,1158.86,1160.2,1146.45
1144.21,1146.72,1148.7,1142.21
1148.88,1144.21,1151.44,1141.96
1156.83,1148.75,1157.4,1148.53
1160.61,1156.77,1161.9,1155.48
1155.69,1160.59,1162.6,1155.33
1163.01,1155.68,1167.49,1154.05
1154.02,1163.01,1171.12,1152.03
1163.64,1154.02,1168.36,1153.78
1176.35,1163.89,1177.45,1163.52
1180.49,1176.36,1185.11,1173.28
1181.96,1180.48,1185.68,1176.45
1179.06,1181.96,1183.11,1173.03
1187.58,1179.05,1192.11,1177.5
1184.32,1187.44,1190.65,1183.39
1174.69,1184.32,1186.0,1173.95
1172.02,1174.61,1181.9,1171.37
1185.04,1172.25,1189.17,1172.25
1182.43,1185.04,1189.2,1178.56
1174.46,1183.04,1183.04,1173.99
1171.72,1174.48,1179.5,1169.46
1174.02,1171.72,1179.54,1170.5
1170.03,1174.01,1176.4,1166.9
1170.95,1169.54,1171.7,1168.72
1168.85,1168.0,1170.05,1162.72
1171.56,1169.05,1172.31,1166.9
1177.51,1171.41,1179.2,1169.13
1175.95,1177.54,1177.73,1174.4
1175.45,1175.94,1176.5,1175.19
1190.35,1175.66,1193.23,1175.65
1190.81,1190.35,1192.8,1184.4
1200.52,1190.81,1203.8,1187.59
1197.29,1200.52,1204.7,1193.16
1207.94,1197.29,1214.65,1191.9
1204.76,1207.94,1211.5,1202.19
1210.33,1204.63,1213.5,1203.97
1210.24,1210.4,1215.2,1201.3
1207.74,1210.24,1219.07,1207.5
1214.81,1207.73,1221.7,1206.58
1211.57,1214.81,1217.2,1208.26
1207.49,1211.72,1214.2,1202.06
1209.25,1207.39,1219.15,1207.11
1203.76,1208.43,1214.3,1202.2
1197.57,1204.2,1207.2,1195.84
1199.7,1197.7,1202.57,1192.07
1198.2,1199.7,1206.62,1197.35
1208.79,1198.32,1209.57,1197.75
1207.74,1208.82,1212.1,1201.49
1208.11,1207.73,1213.6,1198.08
1202.79,1208.11,1211.7,1199.7
1212.48,1202.79,1214.57,1197.78
1201.14,1212.84,1222.36,1199.63
1191.94,1201.14,1206.95,1182.06
1206.35,1191.94,1207.38,1189.44
1204.05,1206.62,1211.7,1203.7
1198.7,1203.99,1209.4,1197.39
1189.05,1198.75,1202.09,1187.85
1200.65,1188.69,1206.8,1188.39
1207.0,1200.65,1212.5,1198.79
1214.74,1208.2,1214.74,1206.95
1218.91,1214.39,1222.66,1211.29
1224.24,1219.26,1232.16,1217.74
1228.94,1224.25,1235.11,1222.43
1233.87,1228.59,1240.5,1228.29
1224.44,1234.4,1238.76,1222.44
1232.04,1224.09,1233.72,1222.29
1232.71,1232.04,1241.74,1230.89
1235.2,1233.01,1243.95,1232.11
1243.13,1234.89,1245.99,1230.79
1238.24,1243.5,1246.1,1234.89
1229.35,1238.6,1239.44,1226.85
1225.1,1229.39,1237.2,1224.69
1212.07,1224.69,1227.7,1208.89
1198.5,1211.57,1214.0,1194.69
1199.89,1198.9,1208.5,1197.29
1210.24,1199.84,1210.9,1199.74
1209.85,1210.25,1218.36,1207.05
1205.44,1209.85,1214.86,1198.61
1187.9,1205.09,1211.1,1184.39
1189.05,1188.12,1192.56,1183.92
1194.94,1189.05,1197.84,1186.26
1178.94,1194.94,1197.14,1176.95
1154.94,1178.94,1180.26,1152.14
1164.3,1154.59,1164.7,1153.79
1161.3,1164.49,1170.3,1157.7
1157.27,1160.99,1165.9,1152.84
1168.85,1157.62,1169.51,1155.83
1168.55,1168.85,1171.26,1164.4
1169.05,1168.55,1174.56,1165.41
1165.99,1169.9,1174.2,1164.59
1155.74,1166.05,1168.09,1155.26
1143.85,1155.29,1158.88,1139.79
1144.97,1143.92,1147.5,1134.69
1147.89,1145.28,1155.89,1142.39
1152.16,1147.9,1153.3,1145.57
1160.81,1152.16,1162.88,1150.29
1155.84,1160.89,1163.69,1153.09
1160.8,1156.14,1162.01,1150.86
1151.64,1160.85,1164.06,1147.44
1142.64,1151.56,1155.45,1141.44
1143.89,1142.29,1148.95,1141.29
1146.24,1144.24,1150.42,1141.94
1153.74,1146.24,1159.95,1145.43
1146.99,1153.7,1156.4,1144.59
1144.28,1146.89,1153.8,1141.79
1128.99,1144.76,1146.7,1124.8
1133.74,1129.05,1137.76,1127.44
1141.39,1133.7,1142.82,1131.8
1149.99,1141.39,1151.3,1138.2
1151.21,1149.4,1152.9,1145.74
1147.9,1151.21,1152.8,1146.09
1149.01,1147.9,1154.93,1142.59
1137.6,1149.32,1150.51,1136.2
1144.83,1137.29,1149.07,1133.9
1137.1,1145.4,1146.9,1136.7
1151.89,1137.19,1152.63,1133.77
1167.1,1151.8,1168.11,1150.11
1167.89,1167.1,1172.0,1163.46
1169.3,1167.59,1176.14,1165.99
1175.6,1170.01,1179.46,1163.31
1170.94,1175.64,1176.95,1170.05
1165.55,1170.94,1173.56,1162.55
1170.35,1165.35,1171.46,1161.88
1176.8,1170.49,1181.03,1166.11
1178.2,1176.65,1181.3,1175.29
1177.24,1178.2,1179.18,1171.39
1189.55,1177.6,1193.54,1175.14
1187.48,1189.19,1193.3,1186.89
1186.2,1187.48,1192.85,1185.47
1183.24,1191.3,1191.32,1182.15
1188.24,1183.24,1195.22,1182.55
1181.85,1188.25,1191.65,1180.05
1180.05,1181.85,1186.06,1174.25
1186.25,1179.69,1187.5,1177.39
1193.39,1187.35,1193.81,1186.65
1189.74,1190.26,1194.55,1188.2
1192.37,1189.39,1196.4,1188.25
1186.81,1192.37,1194.96,1185.38
1163.55,1187.16,1190.56,1163.35
1162.99,1165.2,1168.86,1161.2
1156.3,1162.99,1167.01,1153.49
1154.25,1155.99,1159.65,1150.89
1159.35,1154.61,1162.81,1151.83
1171.53,1158.99,1172.95,1157.59
1172.44,1171.1,1175.97,1168.22
1176.35,1172.44,1182.2,1170.61
1169.14,1176.7,1181.15,1166.25
1172.65,1168.79,1179.37,1167.52
1170.46,1172.65,1177.9,1167.2
1159.89,1170.56,1170.72,1155.85
1153.55,1159.94,1163.76,1151.25
1149.28,1153.19,1158.4,1146.09
1141.75,1149.28,1153.7,1141.09
1171.95,1141.75,1181.1,1140.67
1180.55,1172.62,1189.65,1172.6
1167.07,1180.19,1186.2,1166.26
1154.32,1167.07,1171.5,1152.89
1152.35,1154.67,1158.18,1147.33
1150.0,1151.99,1154.4,1143.89
1152.14,1152.11,1153.95,1145.42
1159.05,1151.79,1159.75,1149.97
1159.45,1159.05,1169.9,1156.29
1158.25,1159.45,1162.4,1152.49
1149.8,1158.25,1163.3,1147.59
1150.98,1149.75,1152.3,1145.41
1143.64,1151.34,1153.95,1142.05
1145.87,1143.29,1148.82,1141.69
1132.55,1146.22,1148.81,1130.55
1138.6,1131.39,1139.04,1129.69
1135.24,1137.65,1139.92,1134.47
1141.29,1134.89,1143.21,1134.39
1143.25,1141.01,1144.12,1138.24
1138.01,1142.5,1143.5,1134.99
1136.35,1138.37,1140.76,1133.57
1142.44,1136.8,1144.18,1135.25
1137.8,1142.49,1144.49,1135.04
1131.63,1137.39,1137.95,1131.49
1124.6,1131.63,1131.75,1123.36
1112.24,1124.95,1126.45,1111.44
1108.44,1111.81,1115.56,1103.14
1111.75,1108.09,1113.0,1105.89
1117.0,1111.75,1120.3,1110.52
1113.94,1117.36,1117.6,1112.35
1115.27,1113.59,1116.56,1107.89
1107.55,1115.85,1117.8,1106.23
1103.05,1107.9,1111.51,1100.94
1096.44,1103.05,1104.5,1092.51
1097.85,1096.44,1104.36,1094.36
1103.49,1097.8,1107.2,1097.09
1097.91,1103.16,1105.28,1096.16
1095.86,1097.91,1099.51,1089.61
1108.07,1095.86,1116.51,1094.49
1108.14,1108.07,1112.59,1103.36
1115.57,1108.13,1123.54,1107.31
1123.74,1116.66,1129.61,1115.49
1120.58,1123.73,1123.88,1114.79
1121.39,1120.58,1125.5,1118.33
1115.82,1121.39,1124.61,1114.86
1122.51,1115.82,1124.01,1107.45
1120.08,1123.05,1129.3,1120.01
1120.24,1120.09,1121.59,1113.41
1116.3,1120.24,1121.7,1113.55
1118.09,1116.3,1124.72,1114.43
1116.45,1118.09,1120.61,1108.45
1104.55,1116.7,1117.36,1103.57
1094.64,1104.55,1108.8,1093.86
1090.7,1094.63,1097.1,1086.71
1098.63,1090.7,1099.05,1088.45
1108.73,1098.63,1109.5,1096.87
1107.68,1109.91,1118.49,1106.99
1128.16,1107.68,1130.14,1107.3
1126.57,1128.16,1129.78,1123.07
1124.89,1126.57,1134.36,1122.59
1126.05,1124.89,1128.7,1119.68
1119.45,1125.89,1126.4,1116.77
1117.2,1119.45,1122.2,1116.59
1103.84,1117.2,1123.61,1102.26
1103.34,1103.84,1107.01,1097.07
1104.01,1103.34,1107.61,1099.47
1108.91,1104.36,1110.88,1102.6
1096.93,1108.91,1113.9,1094.15
1092.6,1097.23,1100.08,1092.51
1102.67,1092.3,1105.36,1091.61
1101.91,1102.67,1106.97,1097.87
1104.13,1101.81,1105.8,1099.34
1116.58,1104.13,1117.8,1102.15
1115.02,1116.58,1117.9,1111.56
1115.36,1115.02,1118.83,1109.68
1115.76,1115.36,1118.69,1110.52
1108.63,1115.81,1117.26,1107.49
1124.99,1108.63,1127.26,1107.49
1125.51,1124.99,1129.39,1121.49
1129.69,1125.52,1138.61,1124.3
1136.41,1129.69,1137.51,1128.69
1136.56,1136.61,1144.51,1135.9
1125.13,1136.56,1137.47,1124.04
1120.36,1125.13,1126.43,1119.94
1131.13,1120.36,1132.38,1118.69
1136.21,1131.13,1140.8,1129.6
1135.6,1136.15,1138.01,1129.67
1130.23,1135.6,1140.4,1129.8
1138.76,1130.23,1139.23,1128.83
1147.41,1138.76,1149.05,1136.9
1147.32,1147.41,1149.94,1143.52
1142.73,1147.27,1149.81,1140.42
1145.85,1142.73,1148.34,1139.1
1145.06,1145.86,1153.01,1141.95
1144.47,1145.06,1146.53,1136.56
1141.45,1144.47,1147.2,1139.18
1141.67,1141.45,1145.29,1138.4
1128.93,1141.67,1142.51,1128.06
1157.89,1129.34,1159.01,1129.02
1166.39,1157.49,1168.07,1146.61
1165.58,1166.39,1171.77,1160.08
1168.91,1165.4,1176.91,1165.39
1167.63,1168.91,1173.31,1163.67
1170.69,1167.63,1178.1,1164.76
1180.02,1170.69,1181.19,1168.48
1181.08,1180.02,1186.89,1173.9
1180.19,1181.09,1187.81,1176.09
1170.08,1180.19,1181.02,1169.49
1181.89,1170.47,1186.11,1169.06
1182.14,1181.49,1185.51,1177.25
1175.77,1182.14,1183.7,1174.51
1171.89,1175.69,1176.84,1168.07
1167.76,1171.89,1175.06,1166.73
1177.8,1168.15,1179.45,1166.65
1167.73,1177.39,1179.78,1166.69
1167.32,1167.73,1175.21,1164.69
1167.15,1172.7,1176.63,1166.17
1171.54,1167.15,1173.4,1166.38
1158.28,1171.54,1173.4,1157.89
1162.79,1158.68,1166.43,1157.2
1172.89,1162.38,1175.06,1162.38
1164.73,1172.91,1174.9,1162.69
1164.3,1164.73,1169.7,1162.35
1179.72,1164.3,1180.9,1163.18
1183.39,1179.72,1187.89,1177.56
1186.58,1183.39,1189.38,1181.15
1188.14,1186.89,1191.98,1184.16
1192.21,1187.69,1196.56,1187.56
1194.19,1192.21,1198.26,1191.76
1205.26,1194.19,1207.76,1193.6
1200.36,1205.26,1206.11,1199.9
1200.99,1200.36,1202.72,1198.05
1207.67,1200.36,1209.48,1199.89
1211.93,1207.67,1215.11,1205.61
1206.39,1211.93,1212.42,1205.6
1207.26,1206.39,1208.29,1200.73
1203.93,1206.85,1210.7,1203.19
1206.82,1203.93,1212.81,1201.39
1196.15,1206.82,1210.11,1194.89
1182.19,1196.56,1196.72,1181.17
1202.0,1181.79,1202.33,1180.19
1203.36,1202.01,1209.61,1201.09
1201.8,1203.36,1204.26,1194.09
1187.88,1201.8,1203.36,1184.49
1175.91,1187.88,1188.18,1171.31
1175.0,1175.91,1181.4,1171.77
1183.38,1175.06,1185.55,1175.05
1160.84,1183.38,1188.11,1160.15
1178.38,1160.84,1178.95,1160.39
1175.18,1178.37,1181.53,1174.36
1175.39,1175.18,1178.45,1168.63
1163.23,1175.36,1176.01,1162.8
1170.23,1163.23,1170.77,1160.77
1162.7,1170.23,1170.35,1161.67
1172.39,1163.11,1173.12,1156.7
1178.82,1171.99,1180.93,1170.69
1170.71,1178.4,1179.43,1169.6
1151.65,1170.71,1171.11,1147.99
1153.71,1151.65,1159.4,1149.89
1144.1,1153.71,1155.2,1137.63
1138.52,1144.1,1149.51,1134.16
1134.99,1138.77,1141.01,1131.51
1143.39,1134.6,1148.48,1133.19
1145.2,1143.39,1149.56,1142.16
1151.02,1145.2,1152.28,1142.92
1146.6,1151.03,1155.4,1145.69
1149.71,1146.59,1155.4,1146.17
1138.89,1149.71,1151.4,1134.6
1135.28,1138.89,1146.01,1133.19
1141.99,1135.28,1144.04,1133.74
1150.78,1141.99,1152.68,1141.49
1145.38,1150.62,1151.57,1144.89
1142.89,1145.38,1149.81,1141.6
1138.48,1142.89,1145.83,1137.69
1133.1,1138.48,1142.7,1129.19
1130.5,1132.59,1134.8,1127.4
1134.65,1130.51,1135.21,1129.3
1137.8,1135.06,1138.19,1124.96
1140.23,1137.39,1146.42,1137.01
1150.71,1140.23,1152.53,1139.8
1152.32,1150.71,1159.85,1147.7
1155.15,1152.41,1159.4,1152.12
1150.67,1155.15,1158.11,1146.19
1155.19,1151.08,1156.88,1143.67
1160.1,1154.8,1161.45,1153.1
1148.81,1160.09,1162.03,1148.19
1147.99,1149.12,1153.01,1144.15
1149.97,1147.59,1151.2,1145.35
1128.62,1149.97,1150.84,1127.6
1128.82,1128.62,1134.7,1125.86
1129.04,1128.82,1134.14,1127.39
1114.52,1129.05,1131.31,1112.59
1123.03,1114.51,1124.31,1114.09
1117.28,1123.03,1127.6,1116.59
1122.68,1117.28,1124.64,1116.79
1117.56,1122.68,1125.61,1113.49
1111.32,1117.14,1117.58,1106.64
1116.41,1111.32,1117.15,1110.89
1111.47,1116.41,1117.31,1110.8
1118.6,1111.47,1119.81,1110.19
1117.65,1118.6,1122.68,1116.14
1117.28,1116.9,1119.54,1112.27
1125.1,1117.28,1127.22,1116.8
1128.28,1125.1,1129.15,1121.97
1131.3,1128.28,1135.04,1126.78
1137.89,1131.3,1140.81,1130.44
1143.47,1137.92,1144.82,1136.99
1145.63,1143.47,1150.61,1141.17
1134.95,1145.63,1150.3,1134.49
1136.32,1134.95,1138.9,1126.19
1136.45,1136.33,1142.08,1135.4
1133.02,1136.34,1139.62,1131.41
1142.64,1133.01,1148.82,1132.49
1143.69,1142.64,1144.65,1137.81
1138.12,1143.69,1145.31,1135.57
1134.57,1138.11,1140.9,1132.9
1134.38,1134.71,1139.79,1126.08
1128.23,1134.38,1137.45,1124.26
1133.03,1128.23,1137.39,1121.9
1131.65,1133.04,1136.48,1128.45
1137.88,1131.65,1141.36,1129.21
1137.6,1137.74,1140.08,1135.51
1129.2,1137.6,1137.89,1127.15
1133.95,1129.2,1134.48,1128.36
1135.6,1133.95,1137.08,1129.69
1135.71,1135.6,1142.13,1135.53
1133.69,1135.15,1138.15,1130.34
1139.15,1133.69,1140.73,1133.06
1132.05,1139.15,1139.53,1131.47
1124.41,1132.06,1134.95,1123.58
1123.41,1124.41,1130.65,1121.99
1118.12,1123.37,1128.04,1115.64
1116.06,1118.11,1120.33,1113.95
1123.06,1116.07,1123.26,1115.07
1129.19,1123.06,1134.39,1122.56
1117.62,1129.19,1131.97,1115.76
1116.04,1118.15,1119.9,1114.48
1125.46,1116.03,1126.47,1115.4
1119.23,1125.46,1128.81,1118.9
1120.36,1119.23,1122.51,1116.31
1118.84,1120.36,1122.65,1115.76
1122.05,1119.04,1123.12,1118.4
1124.49,1122.06,1126.9,1121.76
1119.65,1124.49,1125.16,1117.56
1122.13,1119.65,1124.22,1118.4
1118.39,1122.13,1124.51,1117.77
1118.31,1118.35,1120.93,1115.78
1118.08,1118.32,1122.54,1115.49
1124.28,1118.07,1126.0,1117.93
1121.95,1124.29,1128.01,1121.86
1125.3,1121.95,1126.02,1119.57
1130.97,1125.36,1133.26,1123.61
1127.73,1130.97,1131.59,1126.65
1119.93,1127.73,1128.31,1116.3
1130.84,1119.93,1132.59,1118.81
1133.08,1130.84,1139.01,1127.8
1136.78,1132.56,1137.86,1129.01
1141.93,1136.78,1143.53,1135.34
1143.32,1141.93,1145.46,1139.58
1139.3,1143.32,1144.03,1138.76
1134.89,1139.31,1142.9,1132.86
1133.52,1134.65,1138.4,1132.11
1140.56,1133.52,1141.42,1133.43
1138.93,1140.55,1146.72,1138.68
1147.3,1138.93,1149.31,1138.01
1145.43,1147.3,1147.72,1141.56
1150.28,1145.61,1150.69,1141.57
1150.73,1150.28,1152.89,1147.37
1153.34,1150.73,1156.06,1147.59
1157.26,1153.34,1158.7,1150.83
1153.74,1157.25,1158.75,1152.76
1149.58,1153.81,1154.91,1148.31
1149.17,1149.58,1153.35,1148.16
1138.32,1149.17,1149.61,1137.36
1137.85,1138.31,1140.7,1134.8
1129.1,1137.86,1139.63,1126.69
1128.39,1129.01,1130.81,1126.31
1125.29,1128.39,1131.0,1122.3
1124.6,1125.3,1125.41,1120.28
1121.24,1124.59,1127.57,1120.95
1118.84,1121.24,1124.41,1116.8
1115.4,1118.9,1119.61,1112.31
1120.02,1115.4,1120.76,1114.63
1112.6,1120.01,1123.3,1112.15
1117.35,1112.6,1117.99,1110.9
1124.69,1117.36,1126.12,1115.9
1119.4,1124.3,1126.1,1118.9
1121.54,1119.4,1123.59,1115.61
1122.97,1121.54,1126.81,1120.38
1128.95,1122.97,1130.8,1122.77
1128.78,1128.95,1130.62,1123.3
1127.15,1128.65,1130.1,1126.41
1129.18,1127.15,1129.67,1123.9
1139.4,1128.99,1141.16,1126.37
1144.17,1139.4,1146.61,1138.02
1142.86,1144.17,1149.0,1141.23
1139.41,1142.9,1143.25,1136.36
1135.93,1139.41,1140.15,1133.27
1135.6,1135.93,1144.0,1134.65
1142.5,1135.6,1142.68,1134.45
1139.78,1142.18,1145.01,1138.3
1138.71,1139.75,1140.7,1136.8
1132.38,1138.71,1139.4,1132.16
1127.58,1132.38,1134.31,1126.45
1128.23,1127.57,1129.5,1126.41
1121.6,1128.23,1132.4,1120.41
1118.47,1121.9,1122.61,1118.19
1124.52,1118.47,1129.61,1118.47
1124.18,1124.51,1125.76,1121.27
1124.86,1124.18,1129.2,1122.77
1121.69,1124.86,1125.76,1118.32
1133.39,1121.71,1134.7,1119.46
1132.52,1133.39,1134.6,1128.12
1132.85,1132.52,1137.3,1130.61
1127.89,1132.86,1132.93,1126.06
1131.97,1127.89,1134.86,1125.63
1130.34,1132.05,1135.08,1126.8
1128.69,1130.34,1131.9,1126.76
1132.08,1128.69,1133.07,1125.81
1134.32,1132.08,1136.41,1131.02
1133.21,1134.32,1137.4,1128.26
1129.86,1133.76,1135.56,1126.02
1131.18,1129.85,1132.6,1127.9
1131.79,1131.18,1133.96,1125.57
1132.76,1131.79,1135.76,1130.9
1133.13,1132.77,1140.51,1130.2
1134.8,1132.91,1137.43,1129.43
1137.62,1134.8,1140.68,1134.66
1145.76,1137.62,1146.06,1137.12
1146.58,1145.75,1151.65,1142.8
1145.3,1146.59,1147.81,1141.77
1146.62,1145.13,1148.56,1144.31
1143.24,1146.61,1149.88,1141.05
1142.99,1143.24,1143.91,1138.35
1142.41,1142.99,1144.05,1137.34
1145.32,1142.41,1145.85,1141.38
1143.82,1145.51,1146.11,1142.36
1135.31,1143.81,1144.01,1131.57
1132.91,1135.21,1138.5,1130.89
1132.89,1132.91,1137.31,1130.54
1126.67,1132.89,1134.6,1124.84
1128.28,1127.0,1130.25,1125.8
1131.21,1128.28,1133.8,1127.86
1132.88,1131.21,1133.91,1129.28
1129.01,1132.87,1134.8,1128.37
1132.31,1129.01,1134.5,1128.45
1130.86,1132.19,1135.7,1129.1
1130.93,1130.85,1131.73,1127.3
1127.81,1130.93,1131.5,1122.81
1128.75,1127.81,1129.49,1121.92
1125.97,1128.76,1132.7,1125.19
1124.78,1125.98,1127.6,1123.56
1118.42,1124.78,1125.15,1116.02
1111.52,1118.42,1119.9,1109.35
1112.35,1111.51,1115.5,1110.21
1116.29,1112.35,1117.83,1110.9
1112.84,1115.9,1119.81,1110.94
1113.93,1112.83,1116.45,1110.78
1114.31,1113.93,1116.6,1112.08
1118.36,1114.23,1121.23,1112.69
1120.96,1119.12,1121.63,1115.89
1119.89,1119.6,1122.8,1118.81
1115.52,1119.89,1121.51,1114.03
1105.69,1115.52,1117.51,1102.16
1097.18,1105.69,1108.2,1094.17
1094.32,1097.18,1100.41,1093.45
1097.04,1094.33,1102.31,1093.57
1091.13,1097.04,1100.81,1087.95
1086.06,1091.13,1094.8,1085.16
1083.99,1086.07,1091.51,1083.45
1085.62,1083.99,1087.9,1083.46
1091.69,1085.62,1092.26,1084.56
1083.95,1091.69,1091.8,1078.66
1082.1,1083.95,1085.9,1074.71
1088.13,1082.1,1091.11,1080.7
1083.47,1088.13,1089.7,1082.21
1086.3,1083.44,1090.9,1083.32
1087.62,1086.29,1089.0,1082.23
1093.99,1087.6,1097.28,1086.1
1093.6,1093.99,1097.0,1090.63
1092.85,1093.6,1096.9,1091.07
1088.84,1092.85,1094.6,1086.14
1092.89,1088.84,1093.99,1087.8
1084.56,1092.89,1095.31,1083.76
1089.22,1084.55,1091.13,1084.32
1088.95,1089.22,1092.11,1086.59
1086.05,1088.96,1092.2,1084.55
1085.67,1086.07,1089.51,1082.41
1080.56,1085.67,1087.2,1078.42
1080.54,1080.56,1083.6,1078.33
1077.74,1080.54,1081.9,1076.15
1076.56,1077.72,1080.39,1073.76
1076.12,1076.56,1079.3,1074.34
1075.22,1076.12,1076.9,1072.98
1070.26,1075.22,1076.9,1068.15
1067.38,1070.26,1071.1,1063.94
1066.6,1067.38,1067.8,1065.61
1063.21,1066.6,1068.51,1059.97
1064.8,1062.88,1068.16,1062.48
1062.28,1065.13,1069.31,1061.53
1062.09,1061.83,1064.06,1060.2
1068.86,1062.21,1070.7,1059.44
1071.97,1068.87,1073.95,1065.62
1070.14,1071.97,1073.7,1066.15
1065.58,1070.14,1074.2,1063.12
1059.99,1065.58,1067.39,1059.78
1063.43,1056.65,1065.5,1055.67
1064.65,1063.43,1067.71,1062.12
1067.36,1064.65,1070.93,1062.87
1070.69,1067.36,1072.5,1066.97
1067.66,1070.18,1071.26,1063.97
1069.4,1067.66,1071.81,1066.52
1073.89,1069.4,1078.2,1066.9
1064.98,1073.89,1074.0,1062.21
1066.06,1064.57,1067.2,1055.97
1064.67,1066.47,1067.6,1061.0
1070.95,1064.5,1073.01,1062.5
1073.23,1070.95,1075.63,1068.54
1070.08,1073.23,1074.8,1064.99
1070.94,1070.12,1074.9,1068.72
1089.95,1071.1,1090.58,1070.42
1094.84,1089.65,1095.04,1085.45
1080.06,1095.13,1099.4,1078.72
1090.24,1080.06,1090.57,1079.52
1097.58,1090.24,1098.93,1085.58
1085.67,1097.58,1098.4,1084.9
1082.6,1084.61,1087.07,1081.9
1085.05,1082.61,1087.57,1080.65
1070.91,1085.06,1086.34,1070.57
1064.14,1070.91,1073.29,1063.05
1067.19,1064.04,1069.39,1061.86
1067.41,1066.61,1070.61,1065.76
1074.91,1067.41,1075.95,1067.33
1076.02,1074.91,1078.11,1070.93
1080.72,1076.01,1086.4,1075.75
1077.0,1080.72,1082.4,1075.52
1070.67,1076.99,1078.11,1069.33
1081.45,1070.67,1081.91,1068.8
1085.21,1081.45,1085.38,1079.43
1082.84,1085.21,1088.58,1080.98
1079.69,1082.84,1085.84,1077.04
1077.67,1079.59,1083.49,1076.81
1063.96,1077.67,1078.98,1060.47
1067.43,1063.96,1071.49,1063.8
1074.11,1067.43,1076.05,1066.8
1065.38,1074.11,1074.57,1065.08
1065.02,1065.19,1068.05,1063.39
1066.88,1065.03,1068.9,1062.1
1064.55,1066.87,1069.6,1061.61
1069.78,1064.56,1070.46,1062.95
1070.53,1069.77,1072.6,1065.4
1073.49,1070.54,1074.81,1069.66
1071.91,1073.49,1074.2,1068.37
1064.76,1071.52,1073.56,1064.02
1081.21,1065.15,1081.79,1064.71
1083.87,1081.21,1086.53,1076.39
1075.69,1084.3,1084.55,1075.19
1075.13,1075.59,1076.81,1067.97
1064.56,1075.13,1075.61,1063.18
1063.08,1064.56,1068.81,1061.09
1061.26,1063.08,1066.7,1060.8
1057.16,1060.56,1063.06,1053.0
1054.94,1057.16,1060.1,1054.1
1058.28,1054.94,1066.45,1054.63
1062.63,1058.28,1064.2,1057.41
1070.76,1062.63,1072.78,1062.35
1069.71,1070.81,1072.06,1065.23
1064.82,1069.71,1072.81,1063.9
1066.82,1064.81,1070.25,1064.3
1071.04,1066.8,1074.01,1065.51
1071.68,1071.03,1072.99,1068.24
1070.68,1071.68,1076.0,1070.15
1067.12,1070.68,1071.31,1066.39
1065.12,1067.11,1069.8,1063.83
1067.21,1065.12,1068.54,1059.73
1071.1,1067.21,1073.79,1065.94
1081.2,1071.2,1082.19,1067.63
1077.28,1081.23,1081.62,1074.9
1082.21,1077.28,1085.31,1075.41
1077.69,1082.34,1082.92,1076.46
1067.86,1077.69,1079.72,1067.21
1070.45,1067.52,1071.71,1066.01
1073.48,1070.33,1075.19,1069.38
1079.85,1073.48,1080.11,1072.79
1075.56,1079.85,1080.36,1073.09
1074.11,1075.56,1079.5,1073.45
1080.03,1074.44,1082.76,1073.12
1078.56,1080.04,1081.54,1075.88
1079.38,1078.43,1083.73,1076.37
1065.8,1079.48,1081.51,1064.43
1067.98,1065.79,1071.3,1064.79
1070.94,1067.78,1071.26,1064.77
1080.82,1070.95,1082.49,1069.36
1077.74,1081.01,1084.5,1076.59
1082.59,1077.52,1083.78,1076.27
1081.37,1082.61,1086.3,1076.55
1077.69,1081.43,1087.82,1077.54
1076.54,1077.55,1079.77,1073.41
1077.25,1076.54,1083.95,1074.87
1081.69,1077.25,1086.05,1075.33
1078.38,1081.69,1083.2,1075.31
1075.24,1078.18,1078.18,1071.39
1084.37,1075.41,1086.29,1073.89
1077.1,1084.67,1085.64,1076.95
1080.59,1076.79,1083.0,1074.34
1071.88,1080.74,1081.46,1071.31
1070.48,1072.26,1073.36,1068.23
1071.95,1070.33,1073.47,1067.4
1066.88,1071.79,1072.29,1065.85
1072.19,1066.63,1074.2,1065.54
1074.93,1072.61,1078.85,1070.74
1076.88,1075.0,1077.74,1072.12
1081.84,1076.88,1082.47,1072.9
1086.03,1081.68,1088.81,1079.7
1089.15,1086.17,1090.03,1081.42
1103.42,1089.15,1104.7,1087.62
1103.51,1102.79,1107.41,1100.8
1111.89,1103.51,1117.45,1102.8
1109.98,1111.89,1113.56,1104.47
1110.55,1109.98,1114.98,1105.58
1112.0,1110.55,1115.8,1106.35
1115.47,1111.9,1119.22,1110.39
1118.52,1115.47,1121.02,1113.46
1123.57,1118.66,1126.33,1115.96
1121.35,1123.24,1125.82,1119.42
1115.04,1121.63,1122.42,1111.06
1118.88,1115.01,1122.45,1113.9
1114.99,1118.88,1125.4,1112.58
1116.4,1115.14,1119.06,1112.84
1119.33,1116.25,1122.13,1114.9
1115.52,1119.15,1122.22,1114.24
1113.32,1115.44,1116.8,1109.83
1114.22,1113.12,1118.48,1109.39
1128.23,1114.43,1130.29,1113.17
1124.58,1128.23,1131.1,1122.3
1130.14,1124.72,1135.12,1122.42
1128.46,1129.82,1131.12,1125.26
1127.0,1128.64,1129.2,1122.65
1131.16,1127.0,1134.9,1125.99
1135.55,1131.32,1141.56,1128.95
1127.9,1135.39,1139.7,1127.48
1134.19,1128.12,1138.26,1126.48
1127.41,1134.09,1138.3,1126.03
1117.79,1127.55,1131.13,1117.46
1124.38,1117.65,1124.77,1116.47
1115.89,1124.62,1125.94,1114.87
1117.81,1114.97,1120.83,1113.28
1113.25,1118.73,1121.6,1110.6
1119.49,1113.25,1123.29,1112.6
1128.21,1119.49,1131.98,1118.82
1123.34,1128.21,1131.42,1121.35
1126.7,1123.2,1128.5,1122.25
1117.94,1126.7,1128.55,1117.1
1117.26,1117.12,1121.6,1116.08
1123.7,1118.17,1124.68,1116.8
1130.17,1123.4,1133.0,1122.6
1137.0,1130.0,1138.93,1129.4
1128.21,1137.0,1137.6,1127.4
1133.97,1128.21,1139.07,1127.1
1127.25,1133.97,1137.55,1123.9
1119.69,1127.35,1128.32,1117.58
1118.17,1119.4,1124.72,1117.6
1116.61,1117.35,1120.33,1114.38
1117.76,1117.28,1121.55,1116.1
1124.62,1117.76,1125.43,1117.3
1114.51,1123.8,1126.74,1112.17
1109.05,1114.75,1117.19,1107.65
1108.3,1108.8,1112.84,1104.5
1110.64,1108.3,1115.33,1106.9
1114.79,1111.18,1116.19,1107.53
1115.63,1113.96,1118.45,1111.58
1112.1,1115.65,1118.74,1109.56
1118.36,1112.1,1122.49,1111.9
1119.84,1118.36,1126.64,1114.28
1122.06,1119.02,1124.96,1116.59
1128.57,1122.75,1129.18,1121.3
1129.9,1128.6,1132.14,1126.7
1123.99,1129.6,1131.6,1123.7
1120.25,1123.99,1130.65,1117.1
1120.01,1119.42,1126.59,1116.97
1121.66,1120.83,1123.08,1116.4
1126.33,1122.0,1130.31,1121.1
1122.82,1126.33,1131.1,1122.2
1118.95,1122.82,1126.1,1118.6
1117.13,1118.95,1123.7,1117.0
1114.95,1117.13,1119.9,1113.1
1120.12,1115.3,1121.97,1114.6
1117.88,1120.12,1121.01,1117.3
1115.55,1117.06,1118.36,1111.46
1114.15,1115.51,1116.64,1109.13
1110.15,1113.99,1114.67,1106.82
1113.76,1110.0,1114.63,1109.1
1118.51,1112.93,1121.86,1111.88
1125.5,1119.43,1126.48,1117.36
1133.53,1125.5,1134.57,1125.0
1132.13,1133.53,1134.3,1127.8
1134.63,1131.84,1139.78,1129.8
1132.12,1134.63,1139.18,1131.59
1143.3,1132.12,1144.56,1130.14
1135.55,1143.3,1147.26,1133.8
1131.3,1135.55,1138.0,1129.9
1131.87,1131.5,1135.7,1127.1
1123.24,1131.05,1135.47,1121.38
1128.53,1123.79,1129.47,1122.7
1138.6,1128.53,1140.16,1127.7
1132.15,1138.6,1140.89,1129.2
1133.25,1131.7,1136.63,1127.8
1135.78,1133.25,1140.48,1131.8
1139.86,1135.78,1140.63,1129.4
1137.38,1139.86,1141.65,1134.4
1140.28,1137.38,1145.7,1135.63
1143.74,1141.1,1145.08,1136.8
1139.69,1143.74,1145.1,1137.1
1142.02,1139.69,1143.56,1137.8
1124.31,1141.18,1142.07,1122.04
1118.1,1125.26,1130.2,1111.2
1120.56,1118.33,1126.12,1116.6
1121.93,1120.56,1126.53,1119.3
1116.43,1121.93,1126.2,1116.0
1121.68,1116.43,1122.86,1114.44
1130.69,1121.68,1132.7,1120.4
1139.35,1130.6,1141.0,1129.8
1131.49,1138.5,1140.82,1129.7
1132.7,1132.34,1137.93,1129.38
1127.93,1132.7,1134.72,1125.02
1121.4,1127.93,1133.41,1119.5
1125.68,1121.24,1131.46,1121.06
1130.25,1126.13,1131.34,1125.83
1128.12,1130.25,1134.71,1127.1
1132.1,1128.42,1132.6,1128.0
1133.5,1130.0,1134.44,1128.8
1129.79,1133.5,1134.5,1126.6
1130.51,1129.79,1131.83,1127.5
1123.48,1130.51,1132.72,1122.3
1117.55,1123.48,1125.09,1116.6
1120.44,1117.55,1124.07,1117.2
1109.54,1120.56,1120.62,1108.65
1111.51,1109.54,1114.4,1104.7
1114.16,1111.51,1117.0,1110.8
1118.7,1114.16,1123.9,1112.3
1124.85,1118.7,1126.5,1116.6
1128.37,1124.89,1131.27,1122.65
1129.53,1128.54,1132.6,1126.5
1124.82,1129.53,1130.6,1123.4
1125.55,1124.82,1127.52,1121.39
1132.7,1125.55,1135.89,1124.6
1129.55,1132.73,1134.15,1128.75
1127.53,1129.2,1132.9,1126.4
1129.71,1127.53,1130.05,1121.16
1122.78,1129.71,1131.95,1120.8
1129.04,1122.76,1129.88,1119.89
1124.87,1129.0,1129.71,1123.9
1125.4,1125.17,1126.82,1123.2
1123.66,1123.36,1127.81,1122.38
1120.08,1124.66,1124.66,1118.9
1117.05,1120.08,1122.42,1113.8
1114.3,1117.05,1117.7,1110.8
1112.83,1114.3,1114.95,1112.69
1120.12,1113.7,1122.91,1113.7
1125.89,1120.12,1131.05,1119.2
1116.85,1125.89,1128.92,1115.7
1117.66,1116.1,1121.44,1114.9
1122.83,1117.66,1126.9,1116.8
1118.18,1122.83,1125.58,1117.1
1117.79,1118.18,1123.07,1116.3
1118.23,1117.79,1120.72,1113.3
1121.8,1118.53,1124.92,1118.3
1122.85,1122.15,1125.29,1118.82
1120.78,1122.5,1125.22,1118.78
1122.7,1120.78,1125.35,1119.81
1126.08,1122.7,1126.64,1120.8
1134.4,1126.36,1134.7,1124.2
1131.77,1133.8,1134.28,1128.9
1126.46,1131.77,1132.77,1125.8
1128.75,1126.46,1131.37,1125.8
1118.78,1128.75,1129.82,1117.3
1118.87,1118.51,1120.73,1115.4
1118.01,1118.87,1122.5,1116.3
1111.04,1118.01,1119.74,1109.4
1112.4,1111.04,1114.67,1109.5
1119.4,1112.4,1120.31,1111.6
1119.86,1119.0,1123.39,1118.4
1117.27,1119.86,1122.41,1116.8
1121.8,1117.57,1122.39,1117.2
1124.81,1121.8,1127.25,1120.4
1124.5,1124.81,1127.92,1121.3
1125.99,1124.05,1127.78,1122.76
1121.29,1125.99,1128.17,1120.8
1125.59,1121.29,1126.2,1119.9
1126.4,1125.59,1129.58,1123.8
1126.44,1126.4,1130.87,1125.7
1126.4,1126.44,1127.73,1123.3
1122.92,1126.1,1129.52,1122.5
1123.22,1122.92,1125.24,1120.8
1125.63,1123.22,1127.45,1122.0
1122.99,1125.63,1127.7,1121.2
1116.06,1123.31,1124.31,1115.5
1115.61,1116.06,1120.22,1114.64
1118.22,1115.61,1120.91,1114.9
1125.9,1118.5,1126.77,1117.1
1127.67,1125.6,1128.22,1124.1
1126.46,1127.66,1128.36,1123.75
1125.81,1126.46,1129.48,1125.28
1128.38,1125.81,1130.77,1125.5
1134.87,1128.38,1135.9,1126.8
1133.9,1134.87,1138.03,1132.16
1131.77,1134.1,1137.4,1131.1
1128.44,1131.77,1132.69,1127.4
1130.5,1128.44,1134.66,1127.5
1136.42,1130.5,1137.79,1129.9
1135.7,1136.42,1140.31,1132.45
1132.52,1135.05,1137.43,1131.0
1130.96,1132.52,1134.3,1128.6
1126.05,1130.89,1132.9,1123.7
1128.41,1126.05,1130.87,1124.51
1136.11,1128.41,1138.74,1127.93
1132.86,1135.82,1137.3,1132.0
1135.87,1132.86,1136.55,1130.9
1139.24,1135.87,1139.94,1133.85
1135.95,1139.24,1140.42,1135.5
1137.4,1136.0,1138.79,1135.2
1133.72,1137.02,1137.96,1131.42
1137.42,1133.22,1138.32,1132.0
1134.67,1137.4,1138.7,1133.4
1136.33,1134.17,1138.36,1133.0
1137.69,1136.83,1139.13,1135.45
1142.11,1137.12,1146.24,1135.62
1141.08,1143.06,1144.81,1139.08
1137.97,1141.08,1144.81,1137.2
1141.96,1137.97,1142.74,1137.4
1134.72,1141.96,1143.81,1132.7
1135.1,1134.72,1136.86,1132.2
1137.69,1135.1,1138.66,1134.25
1132.28,1137.69,1138.6,1131.8
1137.11,1131.78,1138.51,1131.53
1136.58,1137.61,1138.6,1135.92
1140.99,1135.92,1143.71,1135.49
1143.11,1140.99,1145.65,1139.46
1156.05,1143.06,1158.35,1142.88
1160.01,1156.05,1166.29,1156.05
1158.9,1160.01,1163.0,1157.1
1159.88,1158.99,1161.88,1157.25
1164.25,1159.89,1169.78,1159.23
1165.73,1164.25,1166.59,1160.67
1167.06,1165.63,1168.34,1161.3
1164.33,1166.81,1172.43,1163.96
1169.15,1164.34,1174.74,1164.33
1172.35,1168.28,1173.92,1165.74
1173.1,1173.22,1174.11,1167.9
1180.09,1173.11,1186.36,1171.3
1175.2,1180.09,1183.98,1173.78
1188.78,1175.2,1191.1,1175.2
1187.82,1188.78,1190.7,1185.05
1186.79,1187.82,1192.45,1186.12
1192.33,1186.79,1194.0,1186.61
1194.73,1192.33,1196.86,1189.64
1194.73,1194.61,1195.33,1191.05
1192.78,1195.24,1197.31,1191.9
1190.78,1192.19,1197.01,1187.61
1189.8,1191.66,1195.15,1188.3
1185.77,1189.8,1192.15,1185.53
1184.55,1186.2,1187.8,1182.65
1188.94,1184.54,1190.43,1183.29
1194.03,1188.94,1197.1,1187.67
1189.73,1194.03,1194.65,1187.86
1188.8,1189.73,1194.28,1188.47
1179.64,1188.52,1191.52,1178.41
1178.26,1179.42,1184.96,1177.22
1180.84,1178.11,1182.98,1173.9
1178.67,1180.84,1182.78,1178.3
1182.07,1178.67,1187.35,1177.75
1184.02,1181.84,1188.51,1180.5
1179.21,1184.02,1186.6,1178.5
1183.53,1178.38,1184.76,1177.98
1183.32,1184.43,1188.08,1181.75
1186.88,1182.42,1187.86,1181.17
1186.55,1186.89,1188.77,1185.0
1174.87,1186.3,1188.49,1173.99
1172.48,1174.87,1179.33,1171.55
1159.42,1172.94,1174.3,1156.47
1159.2,1159.52,1165.2,1157.01
1154.67,1159.58,1162.0,1154.35
1156.17,1154.67,1157.64,1153.0
1154.67,1156.17,1161.05,1152.4
1157.12,1154.56,1158.53,1152.62
1156.38,1158.1,1159.43,1154.3
1161.77,1156.43,1165.52,1149.4
1167.47,1161.77,1169.23,1160.74
1170.72,1167.47,1173.43,1166.14
1168.34,1170.72,1172.46,1167.3
1175.02,1167.77,1175.68,1167.14
1180.94,1175.48,1183.02,1175.0
1183.22,1180.92,1185.17,1178.64
1176.57,1183.22,1183.46,1175.59
1175.16,1176.57,1178.82,1170.63
1177.32,1175.16,1180.77,1174.2
1180.41,1177.68,1182.82,1177.33
1179.63,1179.83,1182.26,1176.2
1180.62,1179.7,1183.05,1177.9
1172.78,1180.62,1184.52,1172.76
1176.11,1172.78,1177.02,1170.39
1176.87,1176.11,1179.9,1175.2
1179.89,1176.87,1181.1,1175.75
1178.41,1179.9,1181.4,1176.6
1184.16,1178.41,1185.57,1177.8
1184.24,1184.16,1187.12,1181.8
1183.71,1184.11,1186.51,1180.8
1181.38,1182.94,1184.23,1178.63
1188.32,1182.04,1189.58,1180.33
1196.38,1188.32,1198.32,1186.48
1204.61,1195.48,1207.09,1190.9
1218.33,1205.82,1221.29,1203.0
1213.43,1218.33,1221.13,1209.7
1213.02,1212.58,1219.8,1211.14
1208.08,1213.87,1216.6,1206.31
1214.45,1208.08,1217.48,1207.15
1219.14,1214.72,1221.14,1214.15
1206.64,1219.14,1224.96,1206.01
1216.86,1206.64,1219.4,1206.2
1213.33,1216.86,1219.76,1212.7
1208.47,1213.33,1216.3,1205.5
1212.62,1208.49,1214.31,1208.49
1206.4,1212.62,1214.3,1206.0
1202.44,1206.4,1210.36,1199.5
1210.42,1202.49,1212.22,1202.49
1213.66,1211.28,1217.93,1207.56
1212.74,1213.65,1221.5,1212.46
1212.74,1212.74,1216.38,1210.7
1213.29,1212.74,1216.08,1211.74
1209.12,1213.29,1217.88,1207.9
1210.5,1209.12,1212.58,1206.99
1214.61,1210.05,1215.58,1209.9
1211.54,1214.67,1217.8,1211.24
1204.63,1211.54,1213.0,1203.6
1198.02,1204.14,1205.48,1195.7
1192.77,1198.03,1199.4,1189.8
1192.93,1192.87,1195.88,1189.29
1191.51,1192.09,1193.86,1188.76
1190.68,1192.35,1195.51,1189.4
1182.44,1190.68,1191.61,1177.9
1179.72,1182.44,1184.72,1175.75
1185.02,1181.8,1186.6,1181.8
1187.62,1185.02,1191.7,1183.79
1191.73,1187.62,1195.07,1187.04
1195.35,1191.78,1198.0,1190.5
1194.13,1195.35,1196.3,1187.4
1195.04,1194.14,1199.39,1191.0
1195.53,1195.04,1199.06,1192.75
1199.82,1195.53,1202.67,1194.5
1200.46,1199.82,1203.29,1197.99
1202.99,1201.23,1204.02,1197.2
1199.09,1203.18,1204.3,1195.9
1203.37,1199.09,1204.61,1196.62
1205.37,1203.37,1207.89,1201.5
1201.89,1205.37,1206.99,1201.45
1192.25,1201.89,1203.58,1191.85
1197.33,1192.3,1198.92,1192.3
1200.02,1197.33,1200.31,1192.51
1198.5,1200.02,1200.4,1196.8
1190.46,1198.5,1202.08,1189.45
1183.48,1190.74,1193.1,1178.29
1184.7,1183.4,1187.23,1180.8
1184.88,1183.79,1186.83,1181.88
1186.51,1185.79,1191.32,1184.3
1179.07,1185.98,1188.07,1175.15
1178.91,1179.07,1183.19,1178.62
1172.49,1178.65,1180.56,1168.83
1173.09,1173.33,1175.0,1169.87
1170.67,1173.07,1177.3,1170.48
1175.21,1169.77,1175.21,1166.99
1171.82,1175.28,1175.96,1170.91
1168.61,1172.1,1172.2,1168.01
1167.55,1167.78,1169.74,1162.47
1165.41,1168.39,1171.0,1164.91
1170.24,1165.41,1171.72,1159.8
1164.8,1169.37,1171.13,1163.49
1162.95,1164.53,1164.53,1157.51
1156.82,1163.86,1163.94,1154.35
1161.58,1156.99,1162.98,1155.99
1155.31,1161.43,1163.6,1153.11
1158.76,1154.47,1159.37,1153.74
1165.45,1159.25,1167.68,1158.45
1166.53,1165.46,1167.34,1160.68
1171.51,1165.95,1173.91,1164.71
1169.08,1172.39,1173.17,1168.62
1163.65,1169.08,1170.31,1163.41
1167.23,1163.9,1168.56,1162.93
1168.35,1167.23,1171.23,1165.83
1170.82,1168.35,1172.71,1167.73
1176.86,1170.23,1179.31,1169.56
1180.33,1177.65,1181.42,1175.52
1173.9,1180.75,1180.77,1173.1
1173.32,1173.8,1179.21,1170.7
1176.97,1173.42,1179.19,1172.63
1178.82,1176.71,1181.1,1175.98
1181.7,1179.13,1183.16,1177.91
1185.78,1181.96,1187.61,1178.35
1190.06,1185.48,1193.99,1184.4
1191.32,1188.94,1195.88,1187.8
1188.92,1192.18,1193.65,1187.95
1186.21,1188.62,1192.74,1185.63
1190.55,1186.31,1193.21,1186.01
1190.49,1191.43,1194.86,1189.6
1189.61,1190.49,1196.14,1189.61
1172.89,1189.61,1192.7,1170.73
1176.21,1172.81,1178.74,1168.44
1168.48,1176.9,1177.9,1167.98
1164.15,1168.48,1170.8,1162.6
1166.66,1163.24,1168.89,1161.99
1163.27,1167.62,1168.24,1163.03
1159.4,1163.23,1166.05,1157.87
1164.04,1159.39,1165.2,1159.38
1163.52,1164.04,1166.61,1160.71
1160.76,1163.52,1164.09,1160.68
1162.3,1161.04,1163.42,1160.34
1159.68,1162.15,1162.83,1158.12
1157.97,1160.97,1161.3,1154.89
1155.07,1157.97,1159.19,1153.14
1155.02,1155.07,1155.56,1154.23
1157.94,1154.62,1160.93,1153.66
1165.95,1158.85,1169.24,1156.27
1167.56,1165.51,1173.41,1165.48
1168.3,1167.54,1169.15,1163.7
1162.41,1167.46,1179.4,1160.16
1159.72,1163.34,1164.0,1158.34
1158.97,1159.73,1164.74,1158.09
1154.95,1158.92,1160.0,1153.9
1158.2,1154.95,1160.14,1151.11
1158.91,1158.2,1163.4,1156.27
1160.73,1158.91,1162.24,1157.34
1161.44,1161.03,1162.29,1156.82
1159.61,1161.46,1162.7,1156.56
1170.01,1159.61,1171.11,1158.19
1165.76,1170.01,1170.2,1162.3
1169.54,1165.76,1171.17,1164.65
1170.2,1169.41,1171.1,1166.55
1177.7,1170.24,1180.24,1170.2
1176.11,1177.1,1181.69,1174.86
1179.68,1177.11,1180.81,1174.53
1188.64,1179.68,1194.03,1178.74
1195.97,1188.64,1198.9,1184.56
1190.79,1195.96,1199.85,1190.53
1183.9,1190.74,1194.84,1183.9
1184.4,1183.9,1193.34,1180.64
1186.28,1184.4,1186.88,1178.32
1192.39,1186.28,1196.69,1185.35
1188.17,1192.39,1194.9,1185.73
1182.25,1188.17,1188.88,1181.05
1179.51,1182.29,1184.79,1176.8
1184.58,1179.51,1185.03,1178.78
1183.46,1184.59,1186.34,1180.94
1185.36,1183.14,1185.36,1179.2
1191.04,1185.36,1192.1,1183.85
1193.0,1191.45,1193.89,1187.72
1205.21,1193.0,1208.91,1191.68
1207.07,1204.87,1214.83,1202.81
1219.17,1206.96,1222.52,1206.96
1216.04,1219.58,1220.27,1209.1
1212.81,1216.04,1220.69,1211.92
1212.68,1212.36,1218.42,1206.53
1200.32,1212.75,1218.21,1198.98
1189.71,1200.21,1207.15,1188.11
1181.0,1190.11,1196.15,1178.76
1185.23,1181.0,1189.11,1181.0
1188.82,1184.96,1192.53,1179.8
1188.8,1188.82,1194.35,1184.86
1200.94,1188.66,1206.26,1188.56
1185.75,1201.03,1201.55,1184.55
1192.71,1185.74,1197.73,1184.07
1211.21,1193.07,1213.95,1191.43
1211.78,1211.21,1226.75,1205.25
1232.87,1212.1,1233.58,1209.23
1239.76,1232.41,1246.8,1231.93
1256.5,1239.76,1269.15,1231.6
1258.36,1256.5,1292.93,1247.45
1254.95,1258.36,1264.6,1237.22
1273.0,1254.85,1283.05,1254.4
1234.21,1273.0,1273.04,1232.9
1233.0,1234.21,1239.08,1226.07
1213.4,1233.0,1235.43,1212.48
1212.73,1213.4,1227.29,1205.31
1224.71,1212.73,1227.21,1212.18
1218.8,1224.71,1225.21,1214.28
1236.7,1218.8,1239.27,1216.8
1227.85,1236.7,1243.29,1225.56
1236.61,1227.85,1240.65,1224.18
1224.64,1236.42,1239.51,1223.58
1215.43,1224.64,1225.56,1208.79
1216.26,1215.43,1223.19,1214.09
1211.08,1216.26,1222.36,1208.67
1211.55,1211.11,1216.1,1206.64
1215.96,1212.04,1221.7,1211.59
1212.5,1215.97,1219.45,1211.31
1224.72,1212.5,1225.77,1209.61
1228.98,1224.72,1230.53,1222.94
1216.24,1228.98,1229.45,1213.95
1220.62,1216.26,1222.63,1214.71
1233.56,1220.62,1241.82,1220.12
1234.05,1233.53,1237.91,1229.92
1233.54,1234.05,1237.23,1227.72
1230.62,1233.54,1238.24,1229.93
1222.45,1230.5,1235.1,1220.81
1221.81,1222.64,1227.95,1216.86
1211.1,1221.81,1223.45,1210.42
1213.94,1211.1,1215.69,1203.52
1224.93,1213.94,1225.87,1213.1
1224.18,1224.8,1230.53,1223.36
1222.57,1224.18,1224.82,1218.2
1229.55,1222.57,1230.03,1220.57
1220.11,1229.6,1230.06,1217.08
1219.8,1220.11,1221.82,1214.51
1223.41,1219.7,1226.18,1214.18
1226.84,1223.41,1228.95,1220.19
1227.51,1226.84,1229.4,1222.17
1227.53,1227.51,1234.03,1226.12
1233.19,1227.53,1235.58,1226.3
1225.27,1233.09,1235.04,1224.44
1225.18,1225.27,1227.55,1221.06
1227.4,1225.18,1232.7,1224.17
1233.27,1227.4,1234.52,1226.44
1240.66,1233.27,1244.51,1232.81
1240.95,1240.56,1244.89,1237.61
1230.99,1240.95,1242.7,1230.11
1238.26,1230.99,1239.51,1230.43
1238.03,1238.26,1242.59,1233.71
1231.59,1238.03,1240.7,1230.18
1223.05,1231.47,1232.19,1221.74
1220.12,1223.05,1227.33,1216.33
1215.95,1220.12,1220.67,1214.12
1216.54,1215.95,1220.2,1212.94
1202.1,1216.54,1218.76,1200.35
1195.96,1201.85,1205.56,1194.25
1198.52,1195.9,1202.93,1194.99
1190.79,1198.52,1200.79,1184.24
1206.2,1190.79,1208.4,1188.11
1203.77,1206.2,1210.48,1200.61
1208.65,1203.61,1217.13,1203.16
1212.29,1208.65,1215.22,1204.09
1215.53,1212.29,1219.26,1210.35
1212.59,1215.53,1218.09,1207.76
1211.98,1212.6,1214.16,1205.62
1209.53,1211.89,1216.35,1208.77
1208.46,1209.53,1216.4,1205.47
1206.2,1208.45,1208.87,1198.71
1202.36,1206.2,1209.08,1200.91
1203.92,1202.36,1204.83,1197.0
1199.66,1203.63,1205.96,1197.46
1199.44,1199.66,1204.68,1195.09
1201.67,1199.44,1205.05,1197.92
1199.25,1201.67,1204.15,1196.68
1199.43,1199.25,1202.47,1197.77
1192.05,1199.66,1200.1,1191.11
1196.84,1192.04,1197.78,1189.23
1192.85,1196.84,1199.53,1192.08
1197.08,1192.68,1199.13,1191.04
1200.62,1197.06,1206.03,1196.18
1203.87,1200.52,1204.48,1198.69
1205.01,1203.87,1208.74,1203.07
1201.0,1205.01,1205.49,1198.81
1205.23,1201.0,1207.6,1200.08
1203.94,1205.23,1207.35,1202.92
1201.02,1203.53,1206.93,1200.46
1194.04,1201.02,1202.02,1192.34
1197.38,1194.03,1199.91,1192.29
1201.95,1197.38,1203.85,1195.58
1201.59,1201.95,1204.59,1198.71
1196.07,1201.49,1202.32,1194.12
1199.55,1196.07,1202.16,1190.1
1190.04,1199.54,1200.05,1189.76
1189.73,1190.04,1198.22,1187.59
1194.09,1189.73,1196.11,1186.27
1192.7,1194.1,1196.79,1191.31
1193.32,1192.7,1197.12,1191.18
1186.24,1193.32,1193.81,1183.31
1184.0,1186.24,1187.47,1182.51
1189.18,1184.0,1191.28,1183.07
1185.58,1189.19,1189.64,1183.9
1185.62,1186.08,1187.97,1181.69
1183.23,1186.12,1187.77,1182.33
1184.92,1183.74,1186.32,1181.24
1186.94,1185.15,1188.06,1183.92
1183.19,1185.9,1187.27,1183.63
1182.7,1184.14,1186.7,1182.89
1181.74,1183.79,1184.57,1176.04
1185.24,1182.24,1190.91,1181.53
1191.72,1185.36,1193.51,1183.1
1188.66,1192.12,1193.03,1186.47
1187.35,1189.04,1190.22,1184.7
1184.39,1187.48,1188.94,1184.16
1187.44,1184.79,1188.51,1182.82
1180.48,1187.56,1188.29,1180.03
1187.94,1180.51,1188.87,1178.91
1185.45,1188.07,1188.69,1181.68
1189.13,1185.58,1191.71,1184.18
1191.48,1189.63,1192.56,1185.47
1187.3,1191.73,1193.21,1186.94
1187.27,1187.33,1189.67,1185.85
1190.1,1187.77,1190.87,1185.8
1184.79,1190.23,1191.79,1184.05
1188.11,1184.92,1188.73,1183.88
1187.89,1188.21,1190.27,1185.6
1181.51,1187.99,1188.86,1180.21
1179.76,1181.89,1183.53,1176.74
1172.88,1180.26,1181.93,1169.9
1169.2,1172.97,1178.18,1168.43
1164.81,1169.7,1170.78,1159.4
1163.61,1165.0,1168.31,1156.46
1163.61,1164.84,1166.03,1158.93
1170.65,1163.65,1172.46,1160.69
1169.1,1170.78,1176.31,1167.08
1174.32,1169.6,1178.03,1168.35
1166.85,1174.44,1175.23,1166.81
1168.73,1167.35,1171.6,1166.38
1164.65,1168.82,1171.58,1163.73
1162.83,1164.75,1165.84,1160.7
1166.26,1162.93,1168.28,1162.18
1157.12,1166.35,1167.33,1156.59
1164.37,1157.29,1166.07,1156.42
1157.26,1164.87,1166.56,1156.14
1151.11,1157.38,1159.31,1150.43
1143.52,1151.22,1151.87,1141.86
1147.79,1143.65,1152.14,1143.11
1148.3,1148.29,1151.93,1144.46
1147.14,1148.8,1150.0,1142.28
1145.14,1147.2,1149.46,1141.53
1142.13,1145.23,1148.14,1140.73
1140.06,1142.21,1143.96,1137.26
1138.39,1140.63,1141.88,1137.25
1132.54,1138.77,1140.1,1130.61
1134.74,1133.07,1137.55,1131.96
1127.95,1135.14,1136.94,1126.23
1132.44,1128.45,1134.16,1127.06
1129.21,1132.51,1133.43,1124.69
1134.93,1129.28,1138.97,1126.57
1130.06,1135.14,1136.08,1130.19
1136.49,1130.56,1139.16,1126.23
1132.95,1136.6,1137.6,1132.59
1131.32,1133.1,1137.16,1129.79
1127.65,1131.39,1147.82,1125.47
1122.88,1129.66,1134.41,1121.6
1121.4,1123.38,1127.18,1118.45
1119.06,1121.91,1122.35,1110.42
1117.07,1119.45,1120.29,1113.6
1112.39,1117.2,1118.13,1108.93
1114.86,1112.49,1116.31,1110.46
1107.62,1115.03,1117.12,1107.03
1107.04,1108.25,1110.56,1105.09
1105.38,1107.16,1108.39,1103.98
1106.17,1105.79,1107.84,1101.61
1113.59,1106.67,1119.09,1106.08
1114.95,1114.09,1117.87,1112.31
1113.51,1115.08,1116.82,1109.91
1110.24,1114.01,1114.68,1108.08
1106.21,1110.64,1111.51,1104.69
1105.57,1106.33,1108.77,1103.13
1104.43,1106.07,1107.47,1102.43
1109.32,1105.02,1110.34,1103.2
1105.73,1109.82,1110.35,1105.2
1100.02,1106.23,1107.01,1099.22
1092.08,1100.16,1101.91,1089.7
1083.77,1092.2,1093.71,1080.57
1083.53,1083.87,1088.35,1080.39
1084.86,1084.53,1087.79,1082.49
1086.48,1085.79,1088.97,1080.82
1085.55,1087.38,1091.93,1084.12
1091.67,1087.34,1094.56,1085.27
1093.07,1091.8,1094.91,1088.85
1089.43,1093.32,1096.14,1088.49
1092.36,1089.56,1096.55,1088.05
1093.01,1094.12,1095.43,1090.27
1099.39,1094.01,1100.78,1092.34
1102.55,1099.48,1112.74,1097.94
1109.72,1104.31,1111.05,1102.46
1106.65,1109.94,1111.05,1104.68
1101.59,1106.87,1107.47,1100.48
1099.07,1102.66,1102.81,1100.03
1095.6,1100.08,1103.55,1093.51
1090.97,1097.3,1098.57,1090.63
1087.62,1091.97,1093.92,1084.52
1084.47,1088.43,1090.35,1082.97
1084.73,1085.69,1086.1,1085.25
1086.48,1085.73,1088.3,1080.02
1086.42,1086.69,1090.33,1082.04
1087.93,1087.4,1089.79,1083.91
1094.28,1088.03,1096.78,1085.42
1092.93,1094.35,1099.21,1088.79
1097.23,1093.01,1101.05,1092.73
1094.48,1097.38,1103.46,1092.97
1097.12,1094.6,1099.33,1092.37
1095.88,1098.11,1103.42,1093.93
1103.27,1096.04,1105.33,1094.93
1102.52,1104.26,1108.42,1102.28
1101.44,1104.18,1106.17,1100.2
1096.35,1102.44,1103.39,1096.88
1099.88,1097.35,1102.67,1096.59
1105.41,1099.97,1107.29,1098.95
1102.58,1105.54,1105.92,1100.05
1101.02,1102.69,1108.24,1100.47
1108.38,1102.01,1109.9,1100.87
1112.52,1108.42,1121.36,1107.49
1117.64,1113.24,1121.76,1112.15
1116.51,1118.43,1120.98,1115.55
1115.37,1117.44,1119.7,1113.65
1113.46,1115.51,1117.25,1111.8
1120.0,1113.58,1122.74,1112.48
1116.77,1120.11,1127.85,1116.22
1115.61,1117.76,1122.17,1116.05
1110.88,1117.31,1118.75,1110.08
1105.48,1111.01,1114.16,1103.59
1102.12,1106.48,1108.02,1102.05
1102.59,1103.12,1107.59,1101.73
1101.31,1104.37,1106.0,1100.7
1106.58,1102.31,1109.55,1096.91
1105.61,1107.58,1110.81,1104.49
1106.96,1106.5,1110.15,1103.19
1104.27,1107.08,1111.28,1102.22
1111.59,1106.02,1116.1,1102.83
1110.13,1112.58,1114.81,1108.24
1107.27,1110.22,1113.75,1106.08
1118.77,1107.54,1121.61,1105.7
1123.89,1119.47,1130.33,1118.41
1124.87,1124.89,1124.89,1124.87
1119.07,1123.98,1124.86,1117.98
